Order ID,Order Status,Created Time,Seller SKU,Product Name,Quantity,SKU Unit Original Price
TT000001,Completed,2026-04-23 21:33:02,SKN-MINI-02,Mini Glow Drops,1,14.00
TT000001,Completed,2026-04-23 21:33:02,LIP-OIL-01,Lip Oil — Cherry,1,15.00
TT000002,Completed,2026-02-22 17:19:27,LSH-MASCARA-01,Volume Mascara — Black,1,18.00
TT000002,Completed,2026-02-22 17:19:27,LSH-LINER-02,Magnetic Lash Liner,1,22.00
TT000002,Completed,2026-02-22 17:19:27,FCE-SPRAY-02,Setting Spray — Dewy,1,24.00
TT000003,Completed,2026-04-01 12:05:23,CHK-BLUSH-01,Cream Blush — Petal,1,18.00
TT000004,Completed,2026-03-07 23:57:41,FCE-FOUND-01,Demi Matte Foundation,1,34.00
TT000004,Completed,2026-03-07 23:57:41,FCE-SPRAY-02,Setting Spray — Dewy,1,24.00
TT000004,Completed,2026-03-07 23:57:41,LIP-OIL-01,Lip Oil — Cherry,1,15.00
TT000005,Completed,2026-03-28 04:52:18,FCE-FOUND-01,Demi Matte Foundation,1,34.00
TT000005,Completed,2026-03-28 04:52:18,FCE-CONC-03,Concealer — Light,1,21.00
TT000006,Completed,2026-03-16 11:06:37,LSH-LINER-02,Magnetic Lash Liner,1,22.00
TT000006,Completed,2026-03-16 11:06:37,LSH-LASH-03,Magnetic Lashes — Wispy,1,26.00
TT000007,Cancelled,2026-04-30 03:14:34,FCE-SPRAY-02,Setting Spray — Dewy,1,24.00
TT000007,Cancelled,2026-04-30 03:14:34,FCE-CONC-03,Concealer — Light,2,21.00
TT000008,Completed,2026-03-13 13:18:53,LIP-OIL-01,Lip Oil — Cherry,1,15.00
TT000008,Completed,2026-03-13 13:18:53,LIP-LINER-02,Lip Liner — Nude,1,13.00
TT000009,Completed,2026-02-27 07:32:39,LIP-OIL-01,Lip Oil — Cherry,1,15.00
TT000009,Completed,2026-02-27 07:32:39,LIP-LINER-02,Lip Liner — Nude,1,13.00
TT000010,Completed,2026-04-20 19:24:16,FCE-FOUND-01,Demi Matte Foundation,1,34.00
TT000010,Completed,2026-04-20 19:24:16,FCE-SPRAY-02,Setting Spray — Dewy,1,24.00
TT000011,Completed,2026-04-28 07:10:22,FCE-CONC-03,Concealer — Light,2,21.00
TT000011,Completed,2026-04-28 07:10:22,SKN-SERUM-01,Glow Serum,1,42.00
TT000011,Completed,2026-04-28 07:10:22,SKN-MINI-02,Mini Glow Drops,1,14.00
TT000012,Completed,2026-04-02 11:32:33,LIP-OIL-01,Lip Oil — Cherry,1,15.00
TT000012,Completed,2026-04-02 11:32:33,LIP-LINER-02,Lip Liner — Nude,1,13.00
TT000013,Completed,2026-03-22 03:39:01,CHK-BRONZ-02,Liquid Bronzer,1,20.00
TT000013,Completed,2026-03-22 03:39:01,LSH-LASH-03,Magnetic Lashes — Wispy,1,26.00
TT000013,Completed,2026-03-22 03:39:01,LSH-MASCARA-01,Volume Mascara — Black,1,18.00
TT000014,Completed,2026-03-02 15:19:17,LSH-MASCARA-01,Volume Mascara — Black,1,18.00
TT000014,Completed,2026-03-02 15:19:17,LSH-LINER-02,Magnetic Lash Liner,1,22.00
TT000015,Completed,2026-04-10 00:27:40,CHK-BLUSH-01,Cream Blush — Petal,1,18.00
TT000015,Completed,2026-04-10 00:27:40,CHK-BRONZ-02,Liquid Bronzer,1,20.00
TT000016,Completed,2026-03-22 07:10:35,FCE-FOUND-01,Demi Matte Foundation,1,34.00
TT000017,Completed,2026-04-05 08:48:00,SKN-SERUM-01,Glow Serum,1,42.00
TT000017,Completed,2026-04-05 08:48:00,SKN-MINI-02,Mini Glow Drops,1,14.00
TT000018,Completed,2026-03-06 17:26:52,LSH-MASCARA-01,Volume Mascara — Black,1,18.00
TT000018,Completed,2026-03-06 17:26:52,SKN-SERUM-01,Glow Serum,1,42.00
TT000019,Completed,2026-04-26 10:12:38,SKN-SERUM-01,Glow Serum,1,42.00
TT000019,Completed,2026-04-26 10:12:38,SKN-MINI-02,Mini Glow Drops,1,14.00
TT000020,Cancelled,2026-04-07 06:44:47,CHK-BLUSH-01,Cream Blush — Petal,1,18.00
TT000020,Cancelled,2026-04-07 06:44:47,CHK-BRONZ-02,Liquid Bronzer,1,20.00
TT000020,Cancelled,2026-04-07 06:44:47,LSH-LASH-03,Magnetic Lashes — Wispy,2,26.00
TT000021,Completed,2026-04-03 13:11:02,FCE-FOUND-01,Demi Matte Foundation,1,34.00
TT000021,Completed,2026-04-03 13:11:02,FCE-SPRAY-02,Setting Spray — Dewy,2,24.00
TT000021,Completed,2026-04-03 13:11:02,LSH-MASCARA-01,Volume Mascara — Black,2,18.00
TT000022,Completed,2026-02-10 01:03:19,FCE-FOUND-01,Demi Matte Foundation,1,34.00
TT000022,Completed,2026-02-10 01:03:19,FCE-SPRAY-02,Setting Spray — Dewy,1,24.00
TT000023,Completed,2026-04-27 13:07:12,SKN-SERUM-01,Glow Serum,1,42.00
TT000023,Completed,2026-04-27 13:07:12,LIP-OIL-01,Lip Oil — Cherry,1,15.00
TT000024,Completed,2026-03-01 20:20:19,CHK-BLUSH-01,Cream Blush — Petal,1,18.00
TT000024,Completed,2026-03-01 20:20:19,CHK-BRONZ-02,Liquid Bronzer,2,20.00
TT000024,Completed,2026-03-01 20:20:19,LSH-LINER-02,Magnetic Lash Liner,1,22.00
TT000025,Completed,2026-04-27 09:09:51,CHK-BLUSH-01,Cream Blush — Petal,1,18.00
TT000025,Completed,2026-04-27 09:09:51,CHK-BRONZ-02,Liquid Bronzer,1,20.00
TT000026,Completed,2026-05-04 00:35:21,FCE-FOUND-01,Demi Matte Foundation,1,34.00
TT000026,Completed,2026-05-04 00:35:21,FCE-SPRAY-02,Setting Spray — Dewy,1,24.00
TT000027,Cancelled,2026-04-15 17:46:19,FCE-FOUND-01,Demi Matte Foundation,1,34.00
TT000027,Cancelled,2026-04-15 17:46:19,FCE-SPRAY-02,Setting Spray — Dewy,1,24.00
TT000028,Completed,2026-02-26 05:16:12,LSH-MASCARA-01,Volume Mascara — Black,1,18.00
TT000028,Completed,2026-02-26 05:16:12,LSH-LINER-02,Magnetic Lash Liner,1,22.00
TT000028,Completed,2026-02-26 05:16:12,LIP-LINER-02,Lip Liner — Nude,1,13.00
TT000029,Completed,2026-03-07 20:49:22,LIP-LINER-02,Lip Liner — Nude,1,13.00
TT000030,Completed,2026-03-03 15:55:51,FCE-FOUND-01,Demi Matte Foundation,1,34.00
TT000030,Completed,2026-03-03 15:55:51,FCE-SPRAY-02,Setting Spray — Dewy,1,24.00
TT000031,Completed,2026-03-17 03:26:21,LSH-MASCARA-01,Volume Mascara — Black,1,18.00
TT000031,Completed,2026-03-17 03:26:21,LSH-LINER-02,Magnetic Lash Liner,1,22.00
TT000032,Completed,2026-04-16 04:50:15,LIP-LINER-02,Lip Liner — Nude,1,13.00
TT000032,Completed,2026-04-16 04:50:15,FCE-CONC-03,Concealer — Light,1,21.00
TT000033,Completed,2026-04-03 10:02:32,LSH-LINER-02,Magnetic Lash Liner,1,22.00
TT000034,Completed,2026-04-12 00:26:28,SKN-MINI-02,Mini Glow Drops,1,14.00
TT000035,Completed,2026-04-01 16:00:15,LSH-MASCARA-01,Volume Mascara — Black,1,18.00
TT000035,Completed,2026-04-01 16:00:15,LSH-LINER-02,Magnetic Lash Liner,1,22.00
TT000035,Completed,2026-04-01 16:00:15,SKN-MINI-02,Mini Glow Drops,1,14.00
TT000036,Completed,2026-03-16 01:49:46,SKN-SERUM-01,Glow Serum,1,42.00
TT000036,Completed,2026-03-16 01:49:46,SKN-MINI-02,Mini Glow Drops,1,14.00
TT000037,Completed,2026-04-16 06:31:11,LIP-LINER-02,Lip Liner — Nude,1,13.00
TT000037,Completed,2026-04-16 06:31:11,FCE-CONC-03,Concealer — Light,1,21.00
TT000037,Completed,2026-04-16 06:31:11,FCE-SPRAY-02,Setting Spray — Dewy,2,24.00
TT000038,Completed,2026-04-02 09:13:57,LSH-LINER-02,Magnetic Lash Liner,1,22.00
TT000038,Completed,2026-04-02 09:13:57,LSH-LASH-03,Magnetic Lashes — Wispy,1,26.00
TT000039,Completed,2026-02-15 04:12:18,LSH-LINER-02,Magnetic Lash Liner,1,22.00
TT000039,Completed,2026-02-15 04:12:18,LSH-LASH-03,Magnetic Lashes — Wispy,1,26.00
TT000040,Completed,2026-04-19 03:49:14,SKN-SERUM-01,Glow Serum,1,42.00
TT000040,Completed,2026-04-19 03:49:14,SKN-MINI-02,Mini Glow Drops,1,14.00
TT000041,Completed,2026-05-05 09:37:11,FCE-FOUND-01,Demi Matte Foundation,1,34.00
TT000041,Completed,2026-05-05 09:37:11,SKN-SERUM-01,Glow Serum,1,42.00
TT000042,Completed,2026-04-27 06:05:19,LIP-OIL-01,Lip Oil — Cherry,1,15.00
TT000043,Completed,2026-02-21 09:57:46,LSH-MASCARA-01,Volume Mascara — Black,1,18.00
TT000043,Completed,2026-02-21 09:57:46,LSH-LINER-02,Magnetic Lash Liner,2,22.00
TT000044,Completed,2026-04-21 00:17:29,SKN-MINI-02,Mini Glow Drops,1,14.00
TT000044,Completed,2026-04-21 00:17:29,LIP-OIL-01,Lip Oil — Cherry,1,15.00
TT000045,Completed,2026-04-28 22:43:30,LSH-LINER-02,Magnetic Lash Liner,1,22.00
TT000045,Completed,2026-04-28 22:43:30,LSH-LASH-03,Magnetic Lashes — Wispy,2,26.00
TT000046,Completed,2026-04-12 00:36:42,LIP-OIL-01,Lip Oil — Cherry,1,15.00
TT000046,Completed,2026-04-12 00:36:42,LIP-LINER-02,Lip Liner — Nude,1,13.00
TT000047,Completed,2026-04-13 07:43:40,FCE-CONC-03,Concealer — Light,1,21.00
TT000047,Completed,2026-04-13 07:43:40,CHK-BLUSH-01,Cream Blush — Petal,2,18.00
TT000048,Completed,2026-03-25 05:53:04,FCE-FOUND-01,Demi Matte Foundation,1,34.00
TT000048,Completed,2026-03-25 05:53:04,FCE-CONC-03,Concealer — Light,1,21.00
TT000048,Completed,2026-03-25 05:53:04,CHK-BLUSH-01,Cream Blush — Petal,1,18.00
TT000049,Completed,2026-03-13 01:33:51,SKN-SERUM-01,Glow Serum,1,42.00
TT000049,Completed,2026-03-13 01:33:51,SKN-MINI-02,Mini Glow Drops,1,14.00
TT000050,Completed,2026-04-06 10:19:48,CHK-BLUSH-01,Cream Blush — Petal,1,18.00
TT000050,Completed,2026-04-06 10:19:48,CHK-BRONZ-02,Liquid Bronzer,2,20.00
TT000051,Completed,2026-04-28 07:14:33,CHK-BLUSH-01,Cream Blush — Petal,1,18.00
TT000051,Completed,2026-04-28 07:14:33,CHK-BRONZ-02,Liquid Bronzer,1,20.00
TT000052,Completed,2026-02-06 00:50:03,LIP-OIL-01,Lip Oil — Cherry,1,15.00
TT000052,Completed,2026-02-06 00:50:03,LIP-LINER-02,Lip Liner — Nude,1,13.00
TT000053,Completed,2026-04-14 17:53:17,FCE-FOUND-01,Demi Matte Foundation,1,34.00
TT000053,Completed,2026-04-14 17:53:17,FCE-CONC-03,Concealer — Light,1,21.00
TT000054,Completed,2026-03-03 00:47:47,LIP-OIL-01,Lip Oil — Cherry,1,15.00
TT000054,Completed,2026-03-03 00:47:47,LIP-LINER-02,Lip Liner — Nude,1,13.00
TT000055,Completed,2026-02-22 20:03:23,LIP-OIL-01,Lip Oil — Cherry,1,15.00
TT000055,Completed,2026-02-22 20:03:23,LIP-LINER-02,Lip Liner — Nude,1,13.00
TT000055,Completed,2026-02-22 20:03:23,FCE-CONC-03,Concealer — Light,1,21.00
TT000056,Completed,2026-04-07 20:49:15,LSH-LINER-02,Magnetic Lash Liner,1,22.00
TT000057,Completed,2026-04-21 21:26:15,FCE-FOUND-01,Demi Matte Foundation,1,34.00
TT000057,Completed,2026-04-21 21:26:15,FCE-CONC-03,Concealer — Light,1,21.00
TT000058,Completed,2026-03-02 17:15:12,FCE-FOUND-01,Demi Matte Foundation,1,34.00
TT000058,Completed,2026-03-02 17:15:12,FCE-SPRAY-02,Setting Spray — Dewy,1,24.00
TT000058,Completed,2026-03-02 17:15:12,CHK-BRONZ-02,Liquid Bronzer,1,20.00
TT000059,Completed,2026-04-26 18:23:04,LSH-LINER-02,Magnetic Lash Liner,2,22.00
TT000059,Completed,2026-04-26 18:23:04,LSH-LASH-03,Magnetic Lashes — Wispy,1,26.00
TT000060,Completed,2026-02-15 03:12:26,LIP-OIL-01,Lip Oil — Cherry,1,15.00
TT000060,Completed,2026-02-15 03:12:26,LIP-LINER-02,Lip Liner — Nude,1,13.00
TT000061,Completed,2026-04-23 07:34:26,LIP-OIL-01,Lip Oil — Cherry,1,15.00
TT000062,Completed,2026-02-12 00:06:03,FCE-FOUND-01,Demi Matte Foundation,2,34.00
TT000062,Completed,2026-02-12 00:06:03,FCE-SPRAY-02,Setting Spray — Dewy,1,24.00
TT000063,Completed,2026-03-06 08:02:50,CHK-BLUSH-01,Cream Blush — Petal,1,18.00
TT000063,Completed,2026-03-06 08:02:50,CHK-BRONZ-02,Liquid Bronzer,1,20.00
TT000064,Completed,2026-04-16 12:23:22,LSH-MASCARA-01,Volume Mascara — Black,1,18.00
TT000064,Completed,2026-04-16 12:23:22,LSH-LINER-02,Magnetic Lash Liner,1,22.00
TT000064,Completed,2026-04-16 12:23:22,CHK-BLUSH-01,Cream Blush — Petal,1,18.00
TT000065,Completed,2026-04-12 13:17:26,FCE-FOUND-01,Demi Matte Foundation,1,34.00
TT000065,Completed,2026-04-12 13:17:26,FCE-CONC-03,Concealer — Light,1,21.00
TT000065,Completed,2026-04-12 13:17:26,CHK-BRONZ-02,Liquid Bronzer,1,20.00
TT000066,Completed,2026-02-06 11:15:00,CHK-BRONZ-02,Liquid Bronzer,1,20.00
TT000067,Completed,2026-02-05 18:32:36,LSH-MASCARA-01,Volume Mascara — Black,1,18.00
TT000067,Completed,2026-02-05 18:32:36,LSH-LINER-02,Magnetic Lash Liner,1,22.00
TT000068,Completed,2026-02-28 19:38:56,LSH-MASCARA-01,Volume Mascara — Black,1,18.00
TT000068,Completed,2026-02-28 19:38:56,LSH-LINER-02,Magnetic Lash Liner,1,22.00
TT000069,Completed,2026-02-11 01:09:33,FCE-FOUND-01,Demi Matte Foundation,1,34.00
TT000069,Completed,2026-02-11 01:09:33,FCE-SPRAY-02,Setting Spray — Dewy,1,24.00
TT000070,Completed,2026-03-12 18:56:55,CHK-BLUSH-01,Cream Blush — Petal,1,18.00
TT000070,Completed,2026-03-12 18:56:55,CHK-BRONZ-02,Liquid Bronzer,1,20.00
TT000071,Completed,2026-03-30 09:09:39,FCE-FOUND-01,Demi Matte Foundation,1,34.00
TT000071,Completed,2026-03-30 09:09:39,FCE-SPRAY-02,Setting Spray — Dewy,2,24.00
TT000072,Completed,2026-04-16 00:43:02,FCE-SPRAY-02,Setting Spray — Dewy,1,24.00
TT000073,Completed,2026-03-24 07:04:32,FCE-FOUND-01,Demi Matte Foundation,1,34.00
TT000073,Completed,2026-03-24 07:04:32,FCE-SPRAY-02,Setting Spray — Dewy,1,24.00
TT000074,Completed,2026-04-16 12:29:54,SKN-SERUM-01,Glow Serum,1,42.00
TT000075,Completed,2026-04-14 01:12:39,LSH-LINER-02,Magnetic Lash Liner,1,22.00
TT000075,Completed,2026-04-14 01:12:39,LSH-LASH-03,Magnetic Lashes — Wispy,1,26.00
TT000075,Completed,2026-04-14 01:12:39,SKN-MINI-02,Mini Glow Drops,1,14.00
TT000076,Completed,2026-04-14 10:33:27,FCE-FOUND-01,Demi Matte Foundation,1,34.00
TT000076,Completed,2026-04-14 10:33:27,FCE-SPRAY-02,Setting Spray — Dewy,1,24.00
TT000077,Completed,2026-04-01 05:52:26,LSH-LASH-03,Magnetic Lashes — Wispy,1,26.00
TT000077,Completed,2026-04-01 05:52:26,SKN-MINI-02,Mini Glow Drops,1,14.00
TT000078,Completed,2026-04-15 21:40:42,LSH-LINER-02,Magnetic Lash Liner,2,22.00
TT000078,Completed,2026-04-15 21:40:42,LSH-LASH-03,Magnetic Lashes — Wispy,1,26.00
TT000079,Completed,2026-04-03 22:32:41,LSH-LINER-02,Magnetic Lash Liner,1,22.00
TT000079,Completed,2026-04-03 22:32:41,LSH-LASH-03,Magnetic Lashes — Wispy,1,26.00
TT000079,Completed,2026-04-03 22:32:41,FCE-FOUND-01,Demi Matte Foundation,1,34.00
TT000080,Completed,2026-02-21 18:24:59,FCE-FOUND-01,Demi Matte Foundation,1,34.00
TT000080,Completed,2026-02-21 18:24:59,FCE-SPRAY-02,Setting Spray — Dewy,1,24.00
TT000081,Completed,2026-03-06 07:40:41,LSH-LINER-02,Magnetic Lash Liner,1,22.00
TT000082,Completed,2026-03-03 02:18:01,LSH-MASCARA-01,Volume Mascara — Black,1,18.00
TT000082,Completed,2026-03-03 02:18:01,LSH-LINER-02,Magnetic Lash Liner,1,22.00
TT000082,Completed,2026-03-03 02:18:01,FCE-SPRAY-02,Setting Spray — Dewy,1,24.00
TT000083,Completed,2026-02-13 17:04:18,LSH-MASCARA-01,Volume Mascara — Black,1,18.00
TT000083,Completed,2026-02-13 17:04:18,LSH-LINER-02,Magnetic Lash Liner,2,22.00
TT000084,Completed,2026-03-11 02:49:07,FCE-FOUND-01,Demi Matte Foundation,1,34.00
TT000084,Completed,2026-03-11 02:49:07,FCE-SPRAY-02,Setting Spray — Dewy,1,24.00
TT000085,Completed,2026-04-18 18:43:15,LSH-LASH-03,Magnetic Lashes — Wispy,1,26.00
TT000085,Completed,2026-04-18 18:43:15,CHK-BRONZ-02,Liquid Bronzer,1,20.00
TT000085,Completed,2026-04-18 18:43:15,SKN-MINI-02,Mini Glow Drops,1,14.00
TT000086,Completed,2026-03-15 06:36:26,FCE-FOUND-01,Demi Matte Foundation,1,34.00
TT000086,Completed,2026-03-15 06:36:26,FCE-SPRAY-02,Setting Spray — Dewy,1,24.00
TT000087,Completed,2026-02-22 06:14:21,CHK-BRONZ-02,Liquid Bronzer,1,20.00
TT000087,Completed,2026-02-22 06:14:21,SKN-SERUM-01,Glow Serum,1,42.00
TT000088,Completed,2026-04-27 10:06:33,FCE-FOUND-01,Demi Matte Foundation,1,34.00
TT000088,Completed,2026-04-27 10:06:33,CHK-BLUSH-01,Cream Blush — Petal,1,18.00
TT000088,Completed,2026-04-27 10:06:33,FCE-CONC-03,Concealer — Light,1,21.00
TT000089,Completed,2026-03-22 10:23:33,LSH-LINER-02,Magnetic Lash Liner,1,22.00
TT000089,Completed,2026-03-22 10:23:33,LSH-LASH-03,Magnetic Lashes — Wispy,1,26.00
TT000090,Cancelled,2026-02-19 15:12:57,LSH-LINER-02,Magnetic Lash Liner,1,22.00
TT000090,Cancelled,2026-02-19 15:12:57,LSH-LASH-03,Magnetic Lashes — Wispy,1,26.00
TT000091,Completed,2026-03-08 19:29:13,CHK-BLUSH-01,Cream Blush — Petal,1,18.00
TT000091,Completed,2026-03-08 19:29:13,CHK-BRONZ-02,Liquid Bronzer,1,20.00
TT000092,Completed,2026-03-22 19:30:33,LSH-MASCARA-01,Volume Mascara — Black,1,18.00
TT000092,Completed,2026-03-22 19:30:33,LSH-LINER-02,Magnetic Lash Liner,1,22.00
TT000093,Cancelled,2026-03-04 06:55:14,CHK-BLUSH-01,Cream Blush — Petal,1,18.00
TT000094,Completed,2026-04-29 02:53:31,FCE-FOUND-01,Demi Matte Foundation,1,34.00
TT000094,Completed,2026-04-29 02:53:31,FCE-SPRAY-02,Setting Spray — Dewy,1,24.00
TT000095,Completed,2026-03-16 12:59:43,LSH-LINER-02,Magnetic Lash Liner,2,22.00
TT000095,Completed,2026-03-16 12:59:43,LSH-LASH-03,Magnetic Lashes — Wispy,1,26.00
TT000095,Completed,2026-03-16 12:59:43,LIP-OIL-01,Lip Oil — Cherry,2,15.00
TT000096,Completed,2026-04-12 20:50:11,SKN-SERUM-01,Glow Serum,1,42.00
TT000096,Completed,2026-04-12 20:50:11,SKN-MINI-02,Mini Glow Drops,1,14.00
TT000097,Completed,2026-03-21 13:44:14,LSH-MASCARA-01,Volume Mascara — Black,1,18.00
TT000097,Completed,2026-03-21 13:44:14,LSH-LINER-02,Magnetic Lash Liner,1,22.00
TT000097,Completed,2026-03-21 13:44:14,CHK-BRONZ-02,Liquid Bronzer,1,20.00
TT000098,Completed,2026-04-05 10:43:50,CHK-BLUSH-01,Cream Blush — Petal,1,18.00
TT000098,Completed,2026-04-05 10:43:50,CHK-BRONZ-02,Liquid Bronzer,1,20.00
TT000099,Completed,2026-03-22 12:01:38,LSH-MASCARA-01,Volume Mascara — Black,1,18.00
TT000099,Completed,2026-03-22 12:01:38,CHK-BLUSH-01,Cream Blush — Petal,1,18.00
TT000099,Completed,2026-03-22 12:01:38,LSH-LASH-03,Magnetic Lashes — Wispy,1,26.00
TT000100,Completed,2026-04-22 04:18:44,CHK-BLUSH-01,Cream Blush — Petal,1,18.00
TT000101,Completed,2026-02-20 19:43:25,LSH-MASCARA-01,Volume Mascara — Black,1,18.00
TT000101,Completed,2026-02-20 19:43:25,LSH-LINER-02,Magnetic Lash Liner,1,22.00
TT000102,Completed,2026-04-25 04:47:19,CHK-BLUSH-01,Cream Blush — Petal,1,18.00
TT000102,Completed,2026-04-25 04:47:19,CHK-BRONZ-02,Liquid Bronzer,1,20.00
TT000103,Cancelled,2026-02-22 23:15:48,LIP-OIL-01,Lip Oil — Cherry,1,15.00
TT000103,Cancelled,2026-02-22 23:15:48,LIP-LINER-02,Lip Liner — Nude,1,13.00
TT000103,Cancelled,2026-02-22 23:15:48,LSH-LINER-02,Magnetic Lash Liner,1,22.00
TT000104,Cancelled,2026-02-19 01:54:05,LSH-LASH-03,Magnetic Lashes — Wispy,1,26.00
TT000104,Cancelled,2026-02-19 01:54:05,CHK-BRONZ-02,Liquid Bronzer,2,20.00
TT000104,Cancelled,2026-02-19 01:54:05,LSH-MASCARA-01,Volume Mascara — Black,1,18.00
TT000105,Completed,2026-04-01 12:13:58,CHK-BRONZ-02,Liquid Bronzer,1,20.00
TT000105,Completed,2026-04-01 12:13:58,SKN-SERUM-01,Glow Serum,2,42.00
TT000105,Completed,2026-04-01 12:13:58,LSH-LINER-02,Magnetic Lash Liner,1,22.00
TT000106,Completed,2026-03-01 19:41:26,FCE-FOUND-01,Demi Matte Foundation,1,34.00
TT000106,Completed,2026-03-01 19:41:26,FCE-CONC-03,Concealer — Light,1,21.00
TT000106,Completed,2026-03-01 19:41:26,LSH-LASH-03,Magnetic Lashes — Wispy,2,26.00
TT000107,Cancelled,2026-03-05 06:01:44,LSH-LINER-02,Magnetic Lash Liner,1,22.00
TT000107,Cancelled,2026-03-05 06:01:44,LSH-LASH-03,Magnetic Lashes — Wispy,1,26.00
TT000108,Completed,2026-04-15 09:31:42,LSH-LINER-02,Magnetic Lash Liner,1,22.00
TT000108,Completed,2026-04-15 09:31:42,LSH-LASH-03,Magnetic Lashes — Wispy,1,26.00
TT000109,Completed,2026-05-04 13:03:07,FCE-FOUND-01,Demi Matte Foundation,1,34.00
TT000109,Completed,2026-05-04 13:03:07,FCE-CONC-03,Concealer — Light,1,21.00
TT000109,Completed,2026-05-04 13:03:07,LSH-LASH-03,Magnetic Lashes — Wispy,1,26.00
TT000110,Completed,2026-03-19 18:03:25,LSH-LINER-02,Magnetic Lash Liner,1,22.00
TT000110,Completed,2026-03-19 18:03:25,LSH-LASH-03,Magnetic Lashes — Wispy,1,26.00
TT000111,Completed,2026-04-21 04:12:09,CHK-BRONZ-02,Liquid Bronzer,1,20.00
TT000112,Completed,2026-02-27 12:35:53,LSH-MASCARA-01,Volume Mascara — Black,1,18.00
TT000113,Completed,2026-05-02 18:53:51,LSH-MASCARA-01,Volume Mascara — Black,1,18.00
TT000113,Completed,2026-05-02 18:53:51,LSH-LINER-02,Magnetic Lash Liner,1,22.00
TT000114,Completed,2026-02-25 15:40:16,SKN-SERUM-01,Glow Serum,1,42.00
TT000114,Completed,2026-02-25 15:40:16,SKN-MINI-02,Mini Glow Drops,1,14.00
TT000115,Completed,2026-03-17 06:18:14,FCE-FOUND-01,Demi Matte Foundation,1,34.00
TT000115,Completed,2026-03-17 06:18:14,FCE-SPRAY-02,Setting Spray — Dewy,1,24.00
TT000116,Completed,2026-04-23 10:33:16,FCE-FOUND-01,Demi Matte Foundation,1,34.00
TT000116,Completed,2026-04-23 10:33:16,FCE-CONC-03,Concealer — Light,1,21.00
TT000117,Completed,2026-04-24 19:57:19,LSH-MASCARA-01,Volume Mascara — Black,1,18.00
TT000117,Completed,2026-04-24 19:57:19,LSH-LINER-02,Magnetic Lash Liner,1,22.00
TT000117,Completed,2026-04-24 19:57:19,CHK-BRONZ-02,Liquid Bronzer,1,20.00
TT000118,Completed,2026-03-24 15:10:05,CHK-BLUSH-01,Cream Blush — Petal,1,18.00
TT000118,Completed,2026-03-24 15:10:05,CHK-BRONZ-02,Liquid Bronzer,1,20.00
TT000119,Completed,2026-03-21 07:58:37,LSH-MASCARA-01,Volume Mascara — Black,1,18.00
TT000119,Completed,2026-03-21 07:58:37,LSH-LINER-02,Magnetic Lash Liner,1,22.00
TT000120,Completed,2026-03-21 16:14:56,FCE-FOUND-01,Demi Matte Foundation,1,34.00
TT000120,Completed,2026-03-21 16:14:56,LSH-LASH-03,Magnetic Lashes — Wispy,1,26.00
TT000121,Completed,2026-02-17 08:23:06,FCE-FOUND-01,Demi Matte Foundation,2,34.00
TT000121,Completed,2026-02-17 08:23:06,FCE-SPRAY-02,Setting Spray — Dewy,1,24.00
TT000122,Completed,2026-02-27 06:04:40,FCE-FOUND-01,Demi Matte Foundation,1,34.00
TT000122,Completed,2026-02-27 06:04:40,SKN-MINI-02,Mini Glow Drops,1,14.00
TT000122,Completed,2026-02-27 06:04:40,FCE-SPRAY-02,Setting Spray — Dewy,1,24.00
TT000123,Completed,2026-03-31 00:41:48,LSH-MASCARA-01,Volume Mascara — Black,1,18.00
TT000123,Completed,2026-03-31 00:41:48,LSH-LINER-02,Magnetic Lash Liner,1,22.00
TT000124,Completed,2026-04-04 00:16:52,LSH-MASCARA-01,Volume Mascara — Black,1,18.00
TT000124,Completed,2026-04-04 00:16:52,CHK-BLUSH-01,Cream Blush — Petal,1,18.00
TT000125,Completed,2026-04-11 03:29:16,LSH-LINER-02,Magnetic Lash Liner,2,22.00
TT000125,Completed,2026-04-11 03:29:16,LSH-LASH-03,Magnetic Lashes — Wispy,1,26.00
TT000126,Completed,2026-03-14 04:37:48,LSH-LASH-03,Magnetic Lashes — Wispy,1,26.00
TT000126,Completed,2026-03-14 04:37:48,LIP-LINER-02,Lip Liner — Nude,1,13.00
TT000126,Completed,2026-03-14 04:37:48,SKN-SERUM-01,Glow Serum,1,42.00
TT000127,Completed,2026-02-23 09:47:43,SKN-SERUM-01,Glow Serum,1,42.00
TT000127,Completed,2026-02-23 09:47:43,SKN-MINI-02,Mini Glow Drops,1,14.00
TT000128,Completed,2026-04-25 10:47:45,LIP-OIL-01,Lip Oil — Cherry,1,15.00
TT000128,Completed,2026-04-25 10:47:45,LIP-LINER-02,Lip Liner — Nude,1,13.00
TT000129,Completed,2026-04-12 13:29:21,LIP-LINER-02,Lip Liner — Nude,1,13.00
TT000129,Completed,2026-04-12 13:29:21,SKN-SERUM-01,Glow Serum,1,42.00
TT000130,Completed,2026-02-17 18:29:05,SKN-SERUM-01,Glow Serum,1,42.00
TT000130,Completed,2026-02-17 18:29:05,SKN-MINI-02,Mini Glow Drops,1,14.00
TT000131,Completed,2026-03-14 14:17:13,LSH-MASCARA-01,Volume Mascara — Black,1,18.00
TT000132,Completed,2026-03-08 06:55:13,FCE-FOUND-01,Demi Matte Foundation,1,34.00
TT000132,Completed,2026-03-08 06:55:13,FCE-SPRAY-02,Setting Spray — Dewy,1,24.00
TT000132,Completed,2026-03-08 06:55:13,SKN-MINI-02,Mini Glow Drops,1,14.00
TT000133,Completed,2026-03-12 05:29:45,LSH-MASCARA-01,Volume Mascara — Black,1,18.00
TT000133,Completed,2026-03-12 05:29:45,LSH-LINER-02,Magnetic Lash Liner,1,22.00
TT000134,Completed,2026-03-05 15:10:51,SKN-SERUM-01,Glow Serum,1,42.00
TT000134,Completed,2026-03-05 15:10:51,SKN-MINI-02,Mini Glow Drops,1,14.00
TT000134,Completed,2026-03-05 15:10:51,FCE-FOUND-01,Demi Matte Foundation,1,34.00
TT000135,Completed,2026-04-20 12:33:25,LSH-MASCARA-01,Volume Mascara — Black,1,18.00
TT000135,Completed,2026-04-20 12:33:25,CHK-BLUSH-01,Cream Blush — Petal,1,18.00
TT000136,Completed,2026-03-20 10:22:11,LSH-MASCARA-01,Volume Mascara — Black,1,18.00
TT000137,Completed,2026-05-04 14:20:44,LSH-LINER-02,Magnetic Lash Liner,1,22.00
TT000137,Completed,2026-05-04 14:20:44,LSH-LASH-03,Magnetic Lashes — Wispy,2,26.00
TT000138,Completed,2026-03-25 17:23:00,FCE-SPRAY-02,Setting Spray — Dewy,1,24.00
TT000138,Completed,2026-03-25 17:23:00,LSH-MASCARA-01,Volume Mascara — Black,1,18.00
TT000139,Completed,2026-03-29 07:10:27,CHK-BRONZ-02,Liquid Bronzer,2,20.00
TT000139,Completed,2026-03-29 07:10:27,FCE-CONC-03,Concealer — Light,1,21.00
TT000140,Completed,2026-02-06 09:47:04,LSH-MASCARA-01,Volume Mascara — Black,1,18.00
TT000140,Completed,2026-02-06 09:47:04,FCE-FOUND-01,Demi Matte Foundation,1,34.00
TT000141,Completed,2026-05-01 18:26:06,LSH-MASCARA-01,Volume Mascara — Black,1,18.00
TT000141,Completed,2026-05-01 18:26:06,LSH-LINER-02,Magnetic Lash Liner,2,22.00
TT000142,Completed,2026-04-28 19:00:19,FCE-FOUND-01,Demi Matte Foundation,1,34.00
TT000142,Completed,2026-04-28 19:00:19,FCE-SPRAY-02,Setting Spray — Dewy,1,24.00
TT000143,Completed,2026-04-19 18:15:12,SKN-SERUM-01,Glow Serum,1,42.00
TT000143,Completed,2026-04-19 18:15:12,SKN-MINI-02,Mini Glow Drops,1,14.00
TT000144,Completed,2026-05-05 05:10:17,SKN-MINI-02,Mini Glow Drops,1,14.00
TT000144,Completed,2026-05-05 05:10:17,CHK-BRONZ-02,Liquid Bronzer,1,20.00
TT000144,Completed,2026-05-05 05:10:17,LIP-OIL-01,Lip Oil — Cherry,1,15.00
TT000145,Cancelled,2026-02-19 06:40:39,LSH-MASCARA-01,Volume Mascara — Black,1,18.00
TT000145,Cancelled,2026-02-19 06:40:39,LSH-LINER-02,Magnetic Lash Liner,1,22.00
TT000145,Cancelled,2026-02-19 06:40:39,LSH-LASH-03,Magnetic Lashes — Wispy,1,26.00
TT000146,Completed,2026-03-15 22:58:03,FCE-FOUND-01,Demi Matte Foundation,1,34.00
TT000146,Completed,2026-03-15 22:58:03,FCE-SPRAY-02,Setting Spray — Dewy,1,24.00
TT000147,Completed,2026-05-06 02:36:20,FCE-FOUND-01,Demi Matte Foundation,1,34.00
TT000147,Completed,2026-05-06 02:36:20,FCE-CONC-03,Concealer — Light,1,21.00
TT000147,Completed,2026-05-06 02:36:20,LIP-OIL-01,Lip Oil — Cherry,1,15.00
TT000148,Completed,2026-03-07 06:46:19,LSH-MASCARA-01,Volume Mascara — Black,1,18.00
TT000148,Completed,2026-03-07 06:46:19,LSH-LINER-02,Magnetic Lash Liner,2,22.00
TT000148,Completed,2026-03-07 06:46:19,FCE-SPRAY-02,Setting Spray — Dewy,1,24.00
TT000148,Completed,2026-03-07 06:46:19,FCE-FOUND-01,Demi Matte Foundation,2,34.00
TT000149,Completed,2026-04-21 09:26:07,LSH-MASCARA-01,Volume Mascara — Black,1,18.00
TT000149,Completed,2026-04-21 09:26:07,LSH-LINER-02,Magnetic Lash Liner,1,22.00
TT000149,Completed,2026-04-21 09:26:07,FCE-SPRAY-02,Setting Spray — Dewy,1,24.00
TT000149,Completed,2026-04-21 09:26:07,LIP-OIL-01,Lip Oil — Cherry,1,15.00
TT000150,Completed,2026-04-19 22:44:05,FCE-FOUND-01,Demi Matte Foundation,1,34.00
TT000150,Completed,2026-04-19 22:44:05,FCE-CONC-03,Concealer — Light,1,21.00
TT000151,Completed,2026-03-21 01:34:12,FCE-FOUND-01,Demi Matte Foundation,2,34.00
TT000151,Completed,2026-03-21 01:34:12,FCE-SPRAY-02,Setting Spray — Dewy,1,24.00
TT000151,Completed,2026-03-21 01:34:12,LSH-LINER-02,Magnetic Lash Liner,1,22.00
TT000152,Completed,2026-03-12 18:40:34,FCE-FOUND-01,Demi Matte Foundation,1,34.00
TT000152,Completed,2026-03-12 18:40:34,FCE-SPRAY-02,Setting Spray — Dewy,1,24.00
TT000153,Cancelled,2026-03-15 01:58:55,LSH-MASCARA-01,Volume Mascara — Black,1,18.00
TT000153,Cancelled,2026-03-15 01:58:55,LSH-LINER-02,Magnetic Lash Liner,1,22.00
TT000153,Cancelled,2026-03-15 01:58:55,FCE-SPRAY-02,Setting Spray — Dewy,1,24.00
TT000154,Completed,2026-05-01 14:21:19,LSH-MASCARA-01,Volume Mascara — Black,1,18.00
TT000154,Completed,2026-05-01 14:21:19,LSH-LINER-02,Magnetic Lash Liner,1,22.00
TT000155,Completed,2026-04-26 10:28:55,FCE-CONC-03,Concealer — Light,1,21.00
TT000155,Completed,2026-04-26 10:28:55,LSH-MASCARA-01,Volume Mascara — Black,1,18.00
TT000156,Completed,2026-02-15 04:25:47,SKN-SERUM-01,Glow Serum,1,42.00
TT000156,Completed,2026-02-15 04:25:47,SKN-MINI-02,Mini Glow Drops,1,14.00
TT000157,Completed,2026-04-23 20:23:37,FCE-FOUND-01,Demi Matte Foundation,1,34.00
TT000157,Completed,2026-04-23 20:23:37,FCE-CONC-03,Concealer — Light,1,21.00
TT000158,Completed,2026-04-24 18:09:23,LSH-LINER-02,Magnetic Lash Liner,1,22.00
TT000158,Completed,2026-04-24 18:09:23,LSH-LASH-03,Magnetic Lashes — Wispy,1,26.00
TT000158,Completed,2026-04-24 18:09:23,LSH-MASCARA-01,Volume Mascara — Black,1,18.00
TT000159,Completed,2026-02-26 08:26:32,CHK-BLUSH-01,Cream Blush — Petal,1,18.00
TT000159,Completed,2026-02-26 08:26:32,CHK-BRONZ-02,Liquid Bronzer,1,20.00
TT000159,Completed,2026-02-26 08:26:32,LIP-OIL-01,Lip Oil — Cherry,2,15.00
TT000160,Completed,2026-03-19 21:52:04,LSH-MASCARA-01,Volume Mascara — Black,1,18.00
TT000160,Completed,2026-03-19 21:52:04,LSH-LINER-02,Magnetic Lash Liner,1,22.00
TT000161,Completed,2026-02-12 03:00:32,FCE-FOUND-01,Demi Matte Foundation,1,34.00
TT000161,Completed,2026-02-12 03:00:32,FCE-SPRAY-02,Setting Spray — Dewy,1,24.00
TT000162,Cancelled,2026-02-13 23:07:46,LSH-MASCARA-01,Volume Mascara — Black,1,18.00
TT000162,Cancelled,2026-02-13 23:07:46,LSH-LINER-02,Magnetic Lash Liner,2,22.00
TT000163,Completed,2026-02-25 02:58:37,LSH-MASCARA-01,Volume Mascara — Black,1,18.00
TT000163,Completed,2026-02-25 02:58:37,LIP-OIL-01,Lip Oil — Cherry,1,15.00
TT000164,Completed,2026-02-19 08:27:28,FCE-FOUND-01,Demi Matte Foundation,1,34.00
TT000164,Completed,2026-02-19 08:27:28,FCE-SPRAY-02,Setting Spray — Dewy,1,24.00
TT000165,Completed,2026-04-04 06:22:19,FCE-FOUND-01,Demi Matte Foundation,2,34.00
TT000165,Completed,2026-04-04 06:22:19,FCE-CONC-03,Concealer — Light,1,21.00
TT000165,Completed,2026-04-04 06:22:19,LSH-MASCARA-01,Volume Mascara — Black,1,18.00
TT000166,Completed,2026-04-04 11:53:55,SKN-SERUM-01,Glow Serum,1,42.00
TT000166,Completed,2026-04-04 11:53:55,SKN-MINI-02,Mini Glow Drops,1,14.00
TT000167,Cancelled,2026-02-13 11:04:58,LSH-LINER-02,Magnetic Lash Liner,2,22.00
TT000167,Cancelled,2026-02-13 11:04:58,LSH-LASH-03,Magnetic Lashes — Wispy,1,26.00
TT000167,Cancelled,2026-02-13 11:04:58,SKN-SERUM-01,Glow Serum,1,42.00
TT000168,Completed,2026-02-16 05:07:00,FCE-FOUND-01,Demi Matte Foundation,1,34.00
TT000168,Completed,2026-02-16 05:07:00,FCE-CONC-03,Concealer — Light,1,21.00
TT000169,Completed,2026-03-10 14:01:41,FCE-FOUND-01,Demi Matte Foundation,1,34.00
TT000169,Completed,2026-03-10 14:01:41,FCE-SPRAY-02,Setting Spray — Dewy,1,24.00
TT000170,Completed,2026-04-09 03:06:45,FCE-FOUND-01,Demi Matte Foundation,1,34.00
TT000170,Completed,2026-04-09 03:06:45,FCE-CONC-03,Concealer — Light,1,21.00
TT000171,Completed,2026-04-22 01:00:41,LSH-MASCARA-01,Volume Mascara — Black,1,18.00
TT000171,Completed,2026-04-22 01:00:41,LSH-LINER-02,Magnetic Lash Liner,2,22.00
TT000172,Completed,2026-03-03 11:34:23,LSH-MASCARA-01,Volume Mascara — Black,1,18.00
TT000172,Completed,2026-03-03 11:34:23,LSH-LINER-02,Magnetic Lash Liner,2,22.00
TT000172,Completed,2026-03-03 11:34:23,FCE-SPRAY-02,Setting Spray — Dewy,1,24.00
TT000173,Completed,2026-03-19 10:10:18,LSH-MASCARA-01,Volume Mascara — Black,1,18.00
TT000174,Completed,2026-05-06 06:59:50,SKN-MINI-02,Mini Glow Drops,1,14.00
TT000174,Completed,2026-05-06 06:59:50,LIP-LINER-02,Lip Liner — Nude,1,13.00
TT000174,Completed,2026-05-06 06:59:50,LSH-MASCARA-01,Volume Mascara — Black,1,18.00
TT000175,Completed,2026-03-17 06:12:09,LIP-OIL-01,Lip Oil — Cherry,1,15.00
TT000175,Completed,2026-03-17 06:12:09,SKN-MINI-02,Mini Glow Drops,1,14.00
TT000176,Completed,2026-05-02 07:14:36,LSH-MASCARA-01,Volume Mascara — Black,1,18.00
TT000176,Completed,2026-05-02 07:14:36,LSH-LINER-02,Magnetic Lash Liner,2,22.00
TT000176,Completed,2026-05-02 07:14:36,SKN-MINI-02,Mini Glow Drops,2,14.00
TT000177,Completed,2026-04-23 17:27:11,LSH-MASCARA-01,Volume Mascara — Black,1,18.00
TT000178,Completed,2026-04-20 20:13:31,FCE-FOUND-01,Demi Matte Foundation,1,34.00
TT000178,Completed,2026-04-20 20:13:31,FCE-SPRAY-02,Setting Spray — Dewy,1,24.00
TT000179,Completed,2026-04-04 19:15:19,FCE-FOUND-01,Demi Matte Foundation,1,34.00
TT000179,Completed,2026-04-04 19:15:19,FCE-SPRAY-02,Setting Spray — Dewy,1,24.00
TT000180,Completed,2026-04-20 23:18:12,CHK-BRONZ-02,Liquid Bronzer,1,20.00
TT000180,Completed,2026-04-20 23:18:12,LSH-MASCARA-01,Volume Mascara — Black,1,18.00
TT000181,Completed,2026-03-18 12:57:29,LSH-LINER-02,Magnetic Lash Liner,1,22.00
TT000181,Completed,2026-03-18 12:57:29,LSH-LASH-03,Magnetic Lashes — Wispy,2,26.00
TT000181,Completed,2026-03-18 12:57:29,CHK-BRONZ-02,Liquid Bronzer,1,20.00
TT000182,Completed,2026-03-05 03:27:15,FCE-FOUND-01,Demi Matte Foundation,2,34.00
TT000182,Completed,2026-03-05 03:27:15,FCE-SPRAY-02,Setting Spray — Dewy,1,24.00
TT000182,Completed,2026-03-05 03:27:15,LSH-LASH-03,Magnetic Lashes — Wispy,1,26.00
TT000183,Completed,2026-04-08 12:38:29,LIP-OIL-01,Lip Oil — Cherry,1,15.00
TT000183,Completed,2026-04-08 12:38:29,LIP-LINER-02,Lip Liner — Nude,1,13.00
TT000184,Cancelled,2026-03-22 10:39:49,CHK-BLUSH-01,Cream Blush — Petal,1,18.00
TT000184,Cancelled,2026-03-22 10:39:49,CHK-BRONZ-02,Liquid Bronzer,1,20.00
TT000185,Completed,2026-03-22 05:14:57,FCE-FOUND-01,Demi Matte Foundation,1,34.00
TT000185,Completed,2026-03-22 05:14:57,FCE-SPRAY-02,Setting Spray — Dewy,1,24.00
TT000186,Completed,2026-02-15 15:31:45,FCE-FOUND-01,Demi Matte Foundation,1,34.00
TT000186,Completed,2026-02-15 15:31:45,FCE-SPRAY-02,Setting Spray — Dewy,1,24.00
TT000187,Completed,2026-04-20 05:08:54,FCE-FOUND-01,Demi Matte Foundation,1,34.00
TT000187,Completed,2026-04-20 05:08:54,LIP-OIL-01,Lip Oil — Cherry,1,15.00
TT000188,Completed,2026-04-01 19:26:58,LIP-LINER-02,Lip Liner — Nude,1,13.00
TT000188,Completed,2026-04-01 19:26:58,SKN-SERUM-01,Glow Serum,1,42.00
TT000188,Completed,2026-04-01 19:26:58,FCE-FOUND-01,Demi Matte Foundation,1,34.00
TT000189,Completed,2026-02-12 16:56:39,FCE-SPRAY-02,Setting Spray — Dewy,2,24.00
TT000189,Completed,2026-02-12 16:56:39,LIP-LINER-02,Lip Liner — Nude,1,13.00
TT000189,Completed,2026-02-12 16:56:39,LSH-LINER-02,Magnetic Lash Liner,1,22.00
TT000190,Completed,2026-03-23 23:09:30,FCE-FOUND-01,Demi Matte Foundation,1,34.00
TT000190,Completed,2026-03-23 23:09:30,LSH-MASCARA-01,Volume Mascara — Black,1,18.00
TT000191,Completed,2026-04-21 06:11:22,LIP-OIL-01,Lip Oil — Cherry,2,15.00
TT000191,Completed,2026-04-21 06:11:22,LIP-LINER-02,Lip Liner — Nude,2,13.00
TT000192,Completed,2026-03-11 16:59:39,SKN-SERUM-01,Glow Serum,1,42.00
TT000192,Completed,2026-03-11 16:59:39,SKN-MINI-02,Mini Glow Drops,1,14.00
TT000192,Completed,2026-03-11 16:59:39,LIP-OIL-01,Lip Oil — Cherry,1,15.00
TT000193,Completed,2026-04-23 00:05:48,LSH-MASCARA-01,Volume Mascara — Black,1,18.00
TT000193,Completed,2026-04-23 00:05:48,LSH-LINER-02,Magnetic Lash Liner,1,22.00
TT000194,Completed,2026-04-27 03:30:53,LSH-MASCARA-01,Volume Mascara — Black,1,18.00
TT000194,Completed,2026-04-27 03:30:53,LSH-LINER-02,Magnetic Lash Liner,1,22.00
TT000195,Completed,2026-05-02 18:27:38,FCE-FOUND-01,Demi Matte Foundation,1,34.00
TT000195,Completed,2026-05-02 18:27:38,FCE-CONC-03,Concealer — Light,1,21.00
TT000195,Completed,2026-05-02 18:27:38,LSH-LASH-03,Magnetic Lashes — Wispy,1,26.00
TT000196,Completed,2026-04-18 12:27:17,FCE-FOUND-01,Demi Matte Foundation,1,34.00
TT000196,Completed,2026-04-18 12:27:17,FCE-SPRAY-02,Setting Spray — Dewy,1,24.00
TT000197,Cancelled,2026-02-16 11:04:26,LSH-LINER-02,Magnetic Lash Liner,1,22.00
TT000197,Cancelled,2026-02-16 11:04:26,LSH-LASH-03,Magnetic Lashes — Wispy,1,26.00
TT000198,Completed,2026-04-19 09:02:58,SKN-SERUM-01,Glow Serum,1,42.00
TT000198,Completed,2026-04-19 09:02:58,SKN-MINI-02,Mini Glow Drops,1,14.00
TT000199,Completed,2026-04-22 15:08:00,FCE-SPRAY-02,Setting Spray — Dewy,1,24.00
TT000199,Completed,2026-04-22 15:08:00,CHK-BLUSH-01,Cream Blush — Petal,1,18.00
TT000200,Completed,2026-02-14 13:03:44,LSH-LINER-02,Magnetic Lash Liner,1,22.00
TT000200,Completed,2026-02-14 13:03:44,LSH-LASH-03,Magnetic Lashes — Wispy,1,26.00
TT000201,Completed,2026-02-18 06:56:13,LSH-MASCARA-01,Volume Mascara — Black,2,18.00
TT000201,Completed,2026-02-18 06:56:13,LSH-LASH-03,Magnetic Lashes — Wispy,2,26.00
TT000202,Completed,2026-05-03 08:36:52,FCE-SPRAY-02,Setting Spray — Dewy,1,24.00
TT000203,Completed,2026-02-28 13:28:13,CHK-BLUSH-01,Cream Blush — Petal,2,18.00
TT000203,Completed,2026-02-28 13:28:13,CHK-BRONZ-02,Liquid Bronzer,1,20.00
TT000204,Completed,2026-04-09 03:46:25,LIP-OIL-01,Lip Oil — Cherry,1,15.00
TT000204,Completed,2026-04-09 03:46:25,LSH-LASH-03,Magnetic Lashes — Wispy,1,26.00
TT000205,Completed,2026-03-26 04:56:24,LSH-MASCARA-01,Volume Mascara — Black,1,18.00
TT000205,Completed,2026-03-26 04:56:24,LSH-LINER-02,Magnetic Lash Liner,2,22.00
TT000205,Completed,2026-03-26 04:56:24,FCE-SPRAY-02,Setting Spray — Dewy,1,24.00
TT000206,Completed,2026-04-22 06:42:47,SKN-MINI-02,Mini Glow Drops,1,14.00
TT000206,Completed,2026-04-22 06:42:47,FCE-SPRAY-02,Setting Spray — Dewy,1,24.00
TT000207,Completed,2026-03-23 23:48:23,LIP-OIL-01,Lip Oil — Cherry,1,15.00
TT000207,Completed,2026-03-23 23:48:23,LIP-LINER-02,Lip Liner — Nude,1,13.00
TT000208,Completed,2026-03-09 06:33:21,FCE-FOUND-01,Demi Matte Foundation,1,34.00
TT000208,Completed,2026-03-09 06:33:21,FCE-SPRAY-02,Setting Spray — Dewy,1,24.00
TT000209,Completed,2026-03-30 20:56:02,LSH-MASCARA-01,Volume Mascara — Black,1,18.00
TT000209,Completed,2026-03-30 20:56:02,LSH-LINER-02,Magnetic Lash Liner,2,22.00
TT000210,Completed,2026-03-28 11:23:32,CHK-BLUSH-01,Cream Blush — Petal,1,18.00
TT000210,Completed,2026-03-28 11:23:32,LSH-MASCARA-01,Volume Mascara — Black,1,18.00
TT000210,Completed,2026-03-28 11:23:32,SKN-MINI-02,Mini Glow Drops,1,14.00
TT000211,Completed,2026-05-02 05:31:42,LSH-MASCARA-01,Volume Mascara — Black,1,18.00
TT000211,Completed,2026-05-02 05:31:42,LSH-LINER-02,Magnetic Lash Liner,1,22.00
TT000211,Completed,2026-05-02 05:31:42,FCE-SPRAY-02,Setting Spray — Dewy,1,24.00
TT000211,Completed,2026-05-02 05:31:42,CHK-BRONZ-02,Liquid Bronzer,1,20.00
TT000212,Completed,2026-02-27 15:19:58,LIP-LINER-02,Lip Liner — Nude,1,13.00
TT000212,Completed,2026-02-27 15:19:58,SKN-MINI-02,Mini Glow Drops,1,14.00
TT000213,Cancelled,2026-02-28 18:44:23,CHK-BLUSH-01,Cream Blush — Petal,1,18.00
TT000213,Cancelled,2026-02-28 18:44:23,CHK-BRONZ-02,Liquid Bronzer,1,20.00
TT000214,Completed,2026-03-28 06:05:35,CHK-BLUSH-01,Cream Blush — Petal,1,18.00
TT000214,Completed,2026-03-28 06:05:35,CHK-BRONZ-02,Liquid Bronzer,1,20.00
TT000215,Completed,2026-05-03 10:34:15,CHK-BLUSH-01,Cream Blush — Petal,1,18.00
TT000215,Completed,2026-05-03 10:34:15,LSH-MASCARA-01,Volume Mascara — Black,1,18.00
TT000216,Completed,2026-04-11 12:23:48,LSH-LINER-02,Magnetic Lash Liner,1,22.00
TT000216,Completed,2026-04-11 12:23:48,LSH-LASH-03,Magnetic Lashes — Wispy,1,26.00
TT000216,Completed,2026-04-11 12:23:48,CHK-BRONZ-02,Liquid Bronzer,1,20.00
TT000217,Completed,2026-02-11 23:29:18,LSH-LINER-02,Magnetic Lash Liner,2,22.00
TT000218,Completed,2026-04-29 14:30:58,LIP-OIL-01,Lip Oil — Cherry,1,15.00
TT000218,Completed,2026-04-29 14:30:58,LIP-LINER-02,Lip Liner — Nude,1,13.00
TT000219,Completed,2026-04-02 23:11:56,CHK-BLUSH-01,Cream Blush — Petal,1,18.00
TT000219,Completed,2026-04-02 23:11:56,CHK-BRONZ-02,Liquid Bronzer,1,20.00
TT000220,Completed,2026-04-19 12:07:13,LIP-OIL-01,Lip Oil — Cherry,1,15.00
TT000220,Completed,2026-04-19 12:07:13,LIP-LINER-02,Lip Liner — Nude,1,13.00
TT000221,Completed,2026-04-07 19:20:39,LSH-LASH-03,Magnetic Lashes — Wispy,1,26.00
TT000222,Completed,2026-03-10 03:36:15,LSH-LINER-02,Magnetic Lash Liner,1,22.00
TT000222,Completed,2026-03-10 03:36:15,LIP-OIL-01,Lip Oil — Cherry,1,15.00
TT000223,Completed,2026-02-25 08:43:03,FCE-FOUND-01,Demi Matte Foundation,1,34.00
TT000223,Completed,2026-02-25 08:43:03,FCE-SPRAY-02,Setting Spray — Dewy,2,24.00
TT000224,Completed,2026-03-04 10:05:53,FCE-CONC-03,Concealer — Light,2,21.00
TT000225,Completed,2026-03-27 03:46:38,LSH-MASCARA-01,Volume Mascara — Black,1,18.00
TT000225,Completed,2026-03-27 03:46:38,LSH-LINER-02,Magnetic Lash Liner,2,22.00
TT000226,Completed,2026-04-28 06:43:26,LIP-OIL-01,Lip Oil — Cherry,1,15.00
TT000226,Completed,2026-04-28 06:43:26,LIP-LINER-02,Lip Liner — Nude,1,13.00
TT000227,Completed,2026-04-24 17:30:15,LSH-MASCARA-01,Volume Mascara — Black,1,18.00
TT000227,Completed,2026-04-24 17:30:15,LSH-LINER-02,Magnetic Lash Liner,1,22.00
TT000227,Completed,2026-04-24 17:30:15,FCE-SPRAY-02,Setting Spray — Dewy,1,24.00
TT000228,Completed,2026-04-01 15:11:48,FCE-CONC-03,Concealer — Light,1,21.00
TT000228,Completed,2026-04-01 15:11:48,CHK-BRONZ-02,Liquid Bronzer,1,20.00
TT000229,Cancelled,2026-02-27 19:40:15,FCE-FOUND-01,Demi Matte Foundation,1,34.00
TT000229,Cancelled,2026-02-27 19:40:15,FCE-CONC-03,Concealer — Light,1,21.00
TT000230,Completed,2026-03-02 13:30:47,CHK-BRONZ-02,Liquid Bronzer,1,20.00
TT000230,Completed,2026-03-02 13:30:47,FCE-SPRAY-02,Setting Spray — Dewy,1,24.00
TT000230,Completed,2026-03-02 13:30:47,SKN-SERUM-01,Glow Serum,1,42.00
TT000231,Completed,2026-03-01 21:23:38,LSH-MASCARA-01,Volume Mascara — Black,1,18.00
TT000231,Completed,2026-03-01 21:23:38,LSH-LINER-02,Magnetic Lash Liner,1,22.00
TT000232,Completed,2026-02-24 18:57:07,SKN-SERUM-01,Glow Serum,1,42.00
TT000232,Completed,2026-02-24 18:57:07,CHK-BLUSH-01,Cream Blush — Petal,1,18.00
TT000233,Completed,2026-02-09 19:44:50,LIP-OIL-01,Lip Oil — Cherry,1,15.00
TT000233,Completed,2026-02-09 19:44:50,LIP-LINER-02,Lip Liner — Nude,1,13.00
TT000233,Completed,2026-02-09 19:44:50,FCE-CONC-03,Concealer — Light,1,21.00
TT000234,Completed,2026-04-30 06:45:57,FCE-FOUND-01,Demi Matte Foundation,2,34.00
TT000234,Completed,2026-04-30 06:45:57,FCE-SPRAY-02,Setting Spray — Dewy,1,24.00
TT000235,Completed,2026-02-14 06:11:42,LSH-MASCARA-01,Volume Mascara — Black,1,18.00
TT000235,Completed,2026-02-14 06:11:42,LSH-LINER-02,Magnetic Lash Liner,1,22.00
TT000235,Completed,2026-02-14 06:11:42,FCE-SPRAY-02,Setting Spray — Dewy,1,24.00
TT000236,Completed,2026-04-17 03:22:15,FCE-FOUND-01,Demi Matte Foundation,1,34.00
TT000236,Completed,2026-04-17 03:22:15,FCE-SPRAY-02,Setting Spray — Dewy,2,24.00
TT000237,Completed,2026-03-04 10:34:40,LSH-MASCARA-01,Volume Mascara — Black,1,18.00
TT000237,Completed,2026-03-04 10:34:40,LSH-LINER-02,Magnetic Lash Liner,2,22.00
TT000238,Completed,2026-03-04 23:05:30,LSH-MASCARA-01,Volume Mascara — Black,1,18.00
TT000238,Completed,2026-03-04 23:05:30,LSH-LINER-02,Magnetic Lash Liner,1,22.00
TT000238,Completed,2026-03-04 23:05:30,FCE-SPRAY-02,Setting Spray — Dewy,1,24.00
TT000239,Completed,2026-04-07 21:06:18,CHK-BLUSH-01,Cream Blush — Petal,1,18.00
TT000239,Completed,2026-04-07 21:06:18,CHK-BRONZ-02,Liquid Bronzer,1,20.00
TT000240,Completed,2026-02-13 23:36:53,FCE-FOUND-01,Demi Matte Foundation,1,34.00
TT000240,Completed,2026-02-13 23:36:53,FCE-CONC-03,Concealer — Light,1,21.00
TT000240,Completed,2026-02-13 23:36:53,LIP-OIL-01,Lip Oil — Cherry,1,15.00
TT000241,Completed,2026-04-15 19:41:48,FCE-CONC-03,Concealer — Light,1,21.00
TT000242,Completed,2026-03-03 09:10:33,LSH-MASCARA-01,Volume Mascara — Black,1,18.00
TT000242,Completed,2026-03-03 09:10:33,LSH-LINER-02,Magnetic Lash Liner,1,22.00
TT000242,Completed,2026-03-03 09:10:33,FCE-SPRAY-02,Setting Spray — Dewy,1,24.00
TT000243,Completed,2026-04-06 05:06:55,LSH-MASCARA-01,Volume Mascara — Black,1,18.00
TT000243,Completed,2026-04-06 05:06:55,LSH-LINER-02,Magnetic Lash Liner,1,22.00
TT000243,Completed,2026-04-06 05:06:55,FCE-SPRAY-02,Setting Spray — Dewy,2,24.00
TT000244,Completed,2026-04-25 03:01:42,FCE-CONC-03,Concealer — Light,2,21.00
TT000244,Completed,2026-04-25 03:01:42,SKN-MINI-02,Mini Glow Drops,1,14.00
TT000245,Completed,2026-04-18 16:01:56,FCE-FOUND-01,Demi Matte Foundation,1,34.00
TT000245,Completed,2026-04-18 16:01:56,FCE-SPRAY-02,Setting Spray — Dewy,1,24.00
TT000246,Completed,2026-04-01 06:23:14,LSH-MASCARA-01,Volume Mascara — Black,1,18.00
TT000246,Completed,2026-04-01 06:23:14,LSH-LINER-02,Magnetic Lash Liner,1,22.00
TT000247,Completed,2026-03-16 18:27:02,CHK-BLUSH-01,Cream Blush — Petal,1,18.00
TT000247,Completed,2026-03-16 18:27:02,CHK-BRONZ-02,Liquid Bronzer,1,20.00
TT000248,Completed,2026-04-25 05:29:16,LIP-OIL-01,Lip Oil — Cherry,1,15.00
TT000248,Completed,2026-04-25 05:29:16,LIP-LINER-02,Lip Liner — Nude,1,13.00
TT000249,Completed,2026-04-19 09:45:17,LSH-MASCARA-01,Volume Mascara — Black,2,18.00
TT000249,Completed,2026-04-19 09:45:17,LSH-LINER-02,Magnetic Lash Liner,1,22.00
TT000250,Completed,2026-02-11 07:15:08,CHK-BRONZ-02,Liquid Bronzer,2,20.00
TT000250,Completed,2026-02-11 07:15:08,LSH-MASCARA-01,Volume Mascara — Black,1,18.00
TT000250,Completed,2026-02-11 07:15:08,LIP-OIL-01,Lip Oil — Cherry,2,15.00
TT000251,Completed,2026-04-22 04:59:09,FCE-FOUND-01,Demi Matte Foundation,1,34.00
TT000251,Completed,2026-04-22 04:59:09,FCE-SPRAY-02,Setting Spray — Dewy,1,24.00
TT000252,Completed,2026-02-16 15:49:41,LSH-LINER-02,Magnetic Lash Liner,1,22.00
TT000252,Completed,2026-02-16 15:49:41,LSH-LASH-03,Magnetic Lashes — Wispy,1,26.00
TT000253,Completed,2026-03-25 23:09:39,FCE-FOUND-01,Demi Matte Foundation,1,34.00
TT000253,Completed,2026-03-25 23:09:39,FCE-SPRAY-02,Setting Spray — Dewy,1,24.00
TT000254,Completed,2026-03-05 02:58:19,FCE-FOUND-01,Demi Matte Foundation,2,34.00
TT000254,Completed,2026-03-05 02:58:19,FCE-SPRAY-02,Setting Spray — Dewy,1,24.00
TT000254,Completed,2026-03-05 02:58:19,SKN-MINI-02,Mini Glow Drops,1,14.00
TT000255,Completed,2026-03-03 00:56:01,LSH-LASH-03,Magnetic Lashes — Wispy,1,26.00
TT000255,Completed,2026-03-03 00:56:01,SKN-MINI-02,Mini Glow Drops,1,14.00
TT000256,Completed,2026-03-02 06:50:51,LSH-MASCARA-01,Volume Mascara — Black,1,18.00
TT000256,Completed,2026-03-02 06:50:51,LSH-LINER-02,Magnetic Lash Liner,1,22.00
TT000257,Completed,2026-02-23 00:05:03,LSH-LINER-02,Magnetic Lash Liner,1,22.00
TT000258,Completed,2026-04-02 00:10:29,LSH-LINER-02,Magnetic Lash Liner,1,22.00
TT000258,Completed,2026-04-02 00:10:29,CHK-BLUSH-01,Cream Blush — Petal,1,18.00
TT000258,Completed,2026-04-02 00:10:29,LIP-LINER-02,Lip Liner — Nude,1,13.00
TT000259,Completed,2026-02-25 00:54:39,SKN-SERUM-01,Glow Serum,1,42.00
TT000259,Completed,2026-02-25 00:54:39,SKN-MINI-02,Mini Glow Drops,1,14.00
TT000260,Completed,2026-04-26 09:03:58,SKN-SERUM-01,Glow Serum,1,42.00
TT000260,Completed,2026-04-26 09:03:58,SKN-MINI-02,Mini Glow Drops,1,14.00
TT000261,Completed,2026-04-21 19:54:26,LIP-OIL-01,Lip Oil — Cherry,1,15.00
TT000261,Completed,2026-04-21 19:54:26,LIP-LINER-02,Lip Liner — Nude,1,13.00
TT000261,Completed,2026-04-21 19:54:26,SKN-SERUM-01,Glow Serum,1,42.00
TT000262,Completed,2026-03-02 22:12:59,LIP-LINER-02,Lip Liner — Nude,1,13.00
TT000262,Completed,2026-03-02 22:12:59,SKN-MINI-02,Mini Glow Drops,2,14.00
TT000263,Completed,2026-04-22 08:38:41,LSH-MASCARA-01,Volume Mascara — Black,1,18.00
TT000263,Completed,2026-04-22 08:38:41,LSH-LINER-02,Magnetic Lash Liner,1,22.00
TT000263,Completed,2026-04-22 08:38:41,FCE-FOUND-01,Demi Matte Foundation,1,34.00
TT000264,Completed,2026-04-26 14:40:38,CHK-BLUSH-01,Cream Blush — Petal,2,18.00
TT000264,Completed,2026-04-26 14:40:38,CHK-BRONZ-02,Liquid Bronzer,1,20.00
TT000264,Completed,2026-04-26 14:40:38,SKN-MINI-02,Mini Glow Drops,2,14.00
TT000265,Completed,2026-03-02 04:00:55,CHK-BLUSH-01,Cream Blush — Petal,1,18.00
TT000265,Completed,2026-03-02 04:00:55,CHK-BRONZ-02,Liquid Bronzer,1,20.00
TT000265,Completed,2026-03-02 04:00:55,LSH-MASCARA-01,Volume Mascara — Black,1,18.00
TT000266,Completed,2026-04-24 05:28:39,LIP-OIL-01,Lip Oil — Cherry,1,15.00
TT000266,Completed,2026-04-24 05:28:39,CHK-BRONZ-02,Liquid Bronzer,1,20.00
TT000267,Completed,2026-03-24 17:32:39,LIP-OIL-01,Lip Oil — Cherry,1,15.00
TT000267,Completed,2026-03-24 17:32:39,LIP-LINER-02,Lip Liner — Nude,1,13.00
TT000268,Completed,2026-03-06 03:24:18,LSH-MASCARA-01,Volume Mascara — Black,1,18.00
TT000268,Completed,2026-03-06 03:24:18,LSH-LINER-02,Magnetic Lash Liner,1,22.00
TT000269,Completed,2026-04-16 11:42:50,FCE-FOUND-01,Demi Matte Foundation,1,34.00
TT000269,Completed,2026-04-16 11:42:50,FCE-CONC-03,Concealer — Light,1,21.00
TT000270,Completed,2026-03-16 00:56:42,FCE-FOUND-01,Demi Matte Foundation,1,34.00
TT000270,Completed,2026-03-16 00:56:42,FCE-SPRAY-02,Setting Spray — Dewy,2,24.00
TT000271,Completed,2026-02-09 15:07:39,LIP-OIL-01,Lip Oil — Cherry,1,15.00
TT000271,Completed,2026-02-09 15:07:39,LIP-LINER-02,Lip Liner — Nude,1,13.00
TT000272,Completed,2026-04-01 23:24:07,CHK-BLUSH-01,Cream Blush — Petal,1,18.00
TT000272,Completed,2026-04-01 23:24:07,CHK-BRONZ-02,Liquid Bronzer,1,20.00
TT000272,Completed,2026-04-01 23:24:07,FCE-FOUND-01,Demi Matte Foundation,1,34.00
TT000273,Completed,2026-02-19 03:54:20,CHK-BRONZ-02,Liquid Bronzer,1,20.00
TT000274,Completed,2026-04-29 10:12:59,SKN-SERUM-01,Glow Serum,1,42.00
TT000274,Completed,2026-04-29 10:12:59,SKN-MINI-02,Mini Glow Drops,1,14.00
TT000274,Completed,2026-04-29 10:12:59,FCE-FOUND-01,Demi Matte Foundation,1,34.00
TT000275,Completed,2026-04-18 01:53:31,FCE-CONC-03,Concealer — Light,1,21.00
TT000275,Completed,2026-04-18 01:53:31,LSH-LASH-03,Magnetic Lashes — Wispy,2,26.00
TT000276,Completed,2026-03-15 19:55:47,FCE-FOUND-01,Demi Matte Foundation,1,34.00
TT000276,Completed,2026-03-15 19:55:47,LSH-LASH-03,Magnetic Lashes — Wispy,2,26.00
TT000277,Completed,2026-02-20 07:09:48,LSH-MASCARA-01,Volume Mascara — Black,1,18.00
TT000277,Completed,2026-02-20 07:09:48,LSH-LASH-03,Magnetic Lashes — Wispy,1,26.00
TT000277,Completed,2026-02-20 07:09:48,SKN-SERUM-01,Glow Serum,2,42.00
TT000278,Completed,2026-03-11 02:29:24,LSH-MASCARA-01,Volume Mascara — Black,1,18.00
TT000278,Completed,2026-03-11 02:29:24,LSH-LINER-02,Magnetic Lash Liner,1,22.00
TT000278,Completed,2026-03-11 02:29:24,CHK-BRONZ-02,Liquid Bronzer,1,20.00
TT000279,Completed,2026-03-11 13:03:03,SKN-SERUM-01,Glow Serum,1,42.00
TT000279,Completed,2026-03-11 13:03:03,SKN-MINI-02,Mini Glow Drops,1,14.00
TT000280,Completed,2026-02-15 11:10:04,CHK-BRONZ-02,Liquid Bronzer,1,20.00
TT000280,Completed,2026-02-15 11:10:04,FCE-CONC-03,Concealer — Light,1,21.00
TT000280,Completed,2026-02-15 11:10:04,LSH-MASCARA-01,Volume Mascara — Black,1,18.00
TT000281,Completed,2026-03-05 05:15:49,LSH-MASCARA-01,Volume Mascara — Black,1,18.00
TT000281,Completed,2026-03-05 05:15:49,LSH-LINER-02,Magnetic Lash Liner,2,22.00
TT000281,Completed,2026-03-05 05:15:49,FCE-SPRAY-02,Setting Spray — Dewy,1,24.00
TT000282,Completed,2026-03-01 23:15:50,LSH-MASCARA-01,Volume Mascara — Black,2,18.00
TT000282,Completed,2026-03-01 23:15:50,LSH-LINER-02,Magnetic Lash Liner,1,22.00
TT000283,Completed,2026-03-27 19:23:35,FCE-FOUND-01,Demi Matte Foundation,1,34.00
TT000283,Completed,2026-03-27 19:23:35,FCE-SPRAY-02,Setting Spray — Dewy,1,24.00
TT000284,Completed,2026-02-19 02:30:02,SKN-SERUM-01,Glow Serum,1,42.00
TT000284,Completed,2026-02-19 02:30:02,LSH-LINER-02,Magnetic Lash Liner,1,22.00
TT000285,Cancelled,2026-04-09 02:45:59,CHK-BRONZ-02,Liquid Bronzer,1,20.00
TT000285,Cancelled,2026-04-09 02:45:59,FCE-FOUND-01,Demi Matte Foundation,1,34.00
TT000286,Completed,2026-04-07 05:46:59,LSH-LINER-02,Magnetic Lash Liner,1,22.00
TT000286,Completed,2026-04-07 05:46:59,LSH-LASH-03,Magnetic Lashes — Wispy,1,26.00
TT000287,Completed,2026-02-14 21:12:24,CHK-BLUSH-01,Cream Blush — Petal,1,18.00
TT000287,Completed,2026-02-14 21:12:24,CHK-BRONZ-02,Liquid Bronzer,1,20.00
TT000288,Completed,2026-03-10 09:35:24,CHK-BRONZ-02,Liquid Bronzer,1,20.00
TT000288,Completed,2026-03-10 09:35:24,LSH-LINER-02,Magnetic Lash Liner,1,22.00
TT000289,Completed,2026-04-17 06:18:23,LSH-MASCARA-01,Volume Mascara — Black,1,18.00
TT000289,Completed,2026-04-17 06:18:23,LSH-LINER-02,Magnetic Lash Liner,1,22.00
TT000289,Completed,2026-04-17 06:18:23,FCE-SPRAY-02,Setting Spray — Dewy,1,24.00
TT000290,Completed,2026-03-09 05:47:28,SKN-SERUM-01,Glow Serum,1,42.00
TT000290,Completed,2026-03-09 05:47:28,SKN-MINI-02,Mini Glow Drops,1,14.00
TT000291,Completed,2026-02-20 18:02:38,LSH-MASCARA-01,Volume Mascara — Black,1,18.00
TT000291,Completed,2026-02-20 18:02:38,LSH-LINER-02,Magnetic Lash Liner,1,22.00
TT000291,Completed,2026-02-20 18:02:38,FCE-SPRAY-02,Setting Spray — Dewy,1,24.00
TT000292,Completed,2026-04-14 20:12:06,LSH-LASH-03,Magnetic Lashes — Wispy,1,26.00
TT000292,Completed,2026-04-14 20:12:06,LIP-OIL-01,Lip Oil — Cherry,1,15.00
TT000293,Completed,2026-03-26 12:54:46,CHK-BLUSH-01,Cream Blush — Petal,1,18.00
TT000293,Completed,2026-03-26 12:54:46,CHK-BRONZ-02,Liquid Bronzer,1,20.00
TT000294,Completed,2026-03-09 06:23:48,FCE-FOUND-01,Demi Matte Foundation,1,34.00
TT000294,Completed,2026-03-09 06:23:48,FCE-SPRAY-02,Setting Spray — Dewy,1,24.00
TT000295,Completed,2026-04-17 01:57:37,LSH-MASCARA-01,Volume Mascara — Black,1,18.00
TT000295,Completed,2026-04-17 01:57:37,LSH-LINER-02,Magnetic Lash Liner,1,22.00
TT000295,Completed,2026-04-17 01:57:37,FCE-SPRAY-02,Setting Spray — Dewy,1,24.00
TT000296,Completed,2026-02-10 07:07:34,LSH-MASCARA-01,Volume Mascara — Black,1,18.00
TT000296,Completed,2026-02-10 07:07:34,LSH-LINER-02,Magnetic Lash Liner,1,22.00
TT000296,Completed,2026-02-10 07:07:34,FCE-SPRAY-02,Setting Spray — Dewy,1,24.00
TT000297,Completed,2026-04-04 11:41:38,FCE-FOUND-01,Demi Matte Foundation,1,34.00
TT000297,Completed,2026-04-04 11:41:38,FCE-SPRAY-02,Setting Spray — Dewy,1,24.00
TT000297,Completed,2026-04-04 11:41:38,SKN-MINI-02,Mini Glow Drops,1,14.00
TT000298,Completed,2026-03-23 05:55:38,FCE-FOUND-01,Demi Matte Foundation,1,34.00
TT000298,Completed,2026-03-23 05:55:38,FCE-SPRAY-02,Setting Spray — Dewy,1,24.00
TT000299,Completed,2026-04-12 23:35:17,LSH-LINER-02,Magnetic Lash Liner,2,22.00
TT000299,Completed,2026-04-12 23:35:17,LSH-LASH-03,Magnetic Lashes — Wispy,1,26.00
TT000300,Completed,2026-02-20 11:29:15,CHK-BLUSH-01,Cream Blush — Petal,1,18.00
TT000300,Completed,2026-02-20 11:29:15,CHK-BRONZ-02,Liquid Bronzer,1,20.00
TT000301,Completed,2026-02-28 08:22:39,FCE-FOUND-01,Demi Matte Foundation,1,34.00
TT000301,Completed,2026-02-28 08:22:39,FCE-SPRAY-02,Setting Spray — Dewy,1,24.00
TT000302,Completed,2026-02-27 22:41:06,FCE-FOUND-01,Demi Matte Foundation,1,34.00
TT000302,Completed,2026-02-27 22:41:06,FCE-CONC-03,Concealer — Light,1,21.00
TT000303,Completed,2026-04-14 16:43:50,SKN-MINI-02,Mini Glow Drops,1,14.00
TT000303,Completed,2026-04-14 16:43:50,LSH-LINER-02,Magnetic Lash Liner,2,22.00
TT000304,Completed,2026-03-26 08:13:22,LSH-MASCARA-01,Volume Mascara — Black,1,18.00
TT000304,Completed,2026-03-26 08:13:22,LSH-LINER-02,Magnetic Lash Liner,1,22.00
TT000304,Completed,2026-03-26 08:13:22,FCE-SPRAY-02,Setting Spray — Dewy,1,24.00
TT000305,Completed,2026-04-15 02:30:21,CHK-BRONZ-02,Liquid Bronzer,1,20.00
TT000305,Completed,2026-04-15 02:30:21,SKN-MINI-02,Mini Glow Drops,1,14.00
TT000305,Completed,2026-04-15 02:30:21,SKN-SERUM-01,Glow Serum,2,42.00
TT000306,Completed,2026-03-11 01:39:11,CHK-BLUSH-01,Cream Blush — Petal,1,18.00
TT000306,Completed,2026-03-11 01:39:11,CHK-BRONZ-02,Liquid Bronzer,1,20.00
TT000307,Completed,2026-03-13 18:56:09,CHK-BLUSH-01,Cream Blush — Petal,1,18.00
TT000307,Completed,2026-03-13 18:56:09,CHK-BRONZ-02,Liquid Bronzer,1,20.00
TT000308,Completed,2026-02-09 07:37:17,LSH-LASH-03,Magnetic Lashes — Wispy,1,26.00
TT000308,Completed,2026-02-09 07:37:17,SKN-MINI-02,Mini Glow Drops,1,14.00
TT000308,Completed,2026-02-09 07:37:17,LIP-LINER-02,Lip Liner — Nude,1,13.00
TT000309,Completed,2026-04-13 05:44:00,SKN-SERUM-01,Glow Serum,1,42.00
TT000309,Completed,2026-04-13 05:44:00,SKN-MINI-02,Mini Glow Drops,1,14.00
TT000310,Completed,2026-03-07 05:38:13,FCE-FOUND-01,Demi Matte Foundation,1,34.00
TT000310,Completed,2026-03-07 05:38:13,FCE-CONC-03,Concealer — Light,1,21.00
TT000311,Completed,2026-04-11 17:09:36,CHK-BLUSH-01,Cream Blush — Petal,1,18.00
TT000311,Completed,2026-04-11 17:09:36,CHK-BRONZ-02,Liquid Bronzer,1,20.00
TT000312,Completed,2026-03-16 22:51:40,LIP-OIL-01,Lip Oil — Cherry,1,15.00
TT000312,Completed,2026-03-16 22:51:40,SKN-SERUM-01,Glow Serum,1,42.00
TT000313,Completed,2026-05-02 23:06:03,LIP-OIL-01,Lip Oil — Cherry,1,15.00
TT000314,Completed,2026-03-06 05:11:02,SKN-SERUM-01,Glow Serum,1,42.00
TT000314,Completed,2026-03-06 05:11:02,SKN-MINI-02,Mini Glow Drops,1,14.00
TT000314,Completed,2026-03-06 05:11:02,FCE-CONC-03,Concealer — Light,1,21.00
TT000315,Completed,2026-05-01 13:34:24,LSH-MASCARA-01,Volume Mascara — Black,1,18.00
TT000315,Completed,2026-05-01 13:34:24,LSH-LINER-02,Magnetic Lash Liner,1,22.00
TT000316,Completed,2026-03-06 04:49:08,LSH-MASCARA-01,Volume Mascara — Black,1,18.00
TT000317,Completed,2026-03-26 19:46:03,LSH-LINER-02,Magnetic Lash Liner,1,22.00
TT000317,Completed,2026-03-26 19:46:03,LSH-LASH-03,Magnetic Lashes — Wispy,1,26.00
TT000317,Completed,2026-03-26 19:46:03,LSH-MASCARA-01,Volume Mascara — Black,1,18.00
TT000318,Completed,2026-02-20 17:28:26,LSH-LINER-02,Magnetic Lash Liner,2,22.00
TT000318,Completed,2026-02-20 17:28:26,LSH-LASH-03,Magnetic Lashes — Wispy,2,26.00
TT000319,Completed,2026-04-04 19:27:18,LIP-OIL-01,Lip Oil — Cherry,1,15.00
TT000319,Completed,2026-04-04 19:27:18,LIP-LINER-02,Lip Liner — Nude,1,13.00
TT000320,Completed,2026-03-17 21:40:21,LSH-MASCARA-01,Volume Mascara — Black,1,18.00
TT000320,Completed,2026-03-17 21:40:21,LSH-LINER-02,Magnetic Lash Liner,1,22.00
TT000320,Completed,2026-03-17 21:40:21,FCE-SPRAY-02,Setting Spray — Dewy,1,24.00
TT000321,Completed,2026-04-28 00:21:32,LIP-OIL-01,Lip Oil — Cherry,1,15.00
TT000321,Completed,2026-04-28 00:21:32,LIP-LINER-02,Lip Liner — Nude,1,13.00
TT000322,Completed,2026-03-10 18:30:04,CHK-BLUSH-01,Cream Blush — Petal,1,18.00
TT000323,Completed,2026-03-06 06:12:16,LSH-MASCARA-01,Volume Mascara — Black,1,18.00
TT000323,Completed,2026-03-06 06:12:16,LSH-LINER-02,Magnetic Lash Liner,2,22.00
TT000323,Completed,2026-03-06 06:12:16,FCE-SPRAY-02,Setting Spray — Dewy,1,24.00
TT000324,Completed,2026-04-02 17:35:55,CHK-BRONZ-02,Liquid Bronzer,1,20.00
TT000324,Completed,2026-04-02 17:35:55,CHK-BLUSH-01,Cream Blush — Petal,1,18.00
TT000324,Completed,2026-04-02 17:35:55,LSH-LASH-03,Magnetic Lashes — Wispy,1,26.00
TT000325,Completed,2026-04-23 09:54:55,CHK-BLUSH-01,Cream Blush — Petal,1,18.00
TT000325,Completed,2026-04-23 09:54:55,CHK-BRONZ-02,Liquid Bronzer,2,20.00
TT000326,Completed,2026-03-13 22:33:45,LSH-MASCARA-01,Volume Mascara — Black,1,18.00
TT000326,Completed,2026-03-13 22:33:45,LSH-LINER-02,Magnetic Lash Liner,1,22.00
TT000327,Completed,2026-03-23 04:11:24,LSH-MASCARA-01,Volume Mascara — Black,1,18.00
TT000327,Completed,2026-03-23 04:11:24,LSH-LINER-02,Magnetic Lash Liner,1,22.00
TT000327,Completed,2026-03-23 04:11:24,FCE-SPRAY-02,Setting Spray — Dewy,1,24.00
TT000327,Completed,2026-03-23 04:11:24,LSH-LASH-03,Magnetic Lashes — Wispy,1,26.00
TT000328,Completed,2026-04-10 02:22:12,FCE-SPRAY-02,Setting Spray — Dewy,1,24.00
TT000329,Completed,2026-02-10 10:56:38,LSH-LASH-03,Magnetic Lashes — Wispy,1,26.00
TT000329,Completed,2026-02-10 10:56:38,SKN-MINI-02,Mini Glow Drops,2,14.00
TT000330,Completed,2026-04-15 17:00:26,LSH-LINER-02,Magnetic Lash Liner,1,22.00
TT000330,Completed,2026-04-15 17:00:26,LSH-LASH-03,Magnetic Lashes — Wispy,1,26.00
TT000331,Completed,2026-04-22 18:25:30,LSH-LINER-02,Magnetic Lash Liner,1,22.00
TT000331,Completed,2026-04-22 18:25:30,LSH-LASH-03,Magnetic Lashes — Wispy,1,26.00
TT000332,Completed,2026-04-12 06:30:47,FCE-FOUND-01,Demi Matte Foundation,2,34.00
TT000332,Completed,2026-04-12 06:30:47,FCE-CONC-03,Concealer — Light,1,21.00
TT000333,Completed,2026-03-13 00:03:10,LSH-MASCARA-01,Volume Mascara — Black,1,18.00
TT000333,Completed,2026-03-13 00:03:10,LSH-LINER-02,Magnetic Lash Liner,1,22.00
TT000333,Completed,2026-03-13 00:03:10,FCE-SPRAY-02,Setting Spray — Dewy,1,24.00
TT000334,Completed,2026-03-13 06:05:21,FCE-FOUND-01,Demi Matte Foundation,1,34.00
TT000334,Completed,2026-03-13 06:05:21,FCE-SPRAY-02,Setting Spray — Dewy,1,24.00
TT000335,Completed,2026-04-24 03:03:53,LSH-MASCARA-01,Volume Mascara — Black,1,18.00
TT000335,Completed,2026-04-24 03:03:53,LSH-LINER-02,Magnetic Lash Liner,1,22.00
TT000336,Completed,2026-03-18 08:20:12,LSH-LASH-03,Magnetic Lashes — Wispy,1,26.00
TT000337,Cancelled,2026-04-09 13:36:09,FCE-CONC-03,Concealer — Light,1,21.00
TT000337,Cancelled,2026-04-09 13:36:09,CHK-BRONZ-02,Liquid Bronzer,1,20.00
TT000338,Cancelled,2026-03-12 15:10:13,LSH-LASH-03,Magnetic Lashes — Wispy,1,26.00
TT000338,Cancelled,2026-03-12 15:10:13,FCE-CONC-03,Concealer — Light,1,21.00
TT000338,Cancelled,2026-03-12 15:10:13,LSH-LINER-02,Magnetic Lash Liner,1,22.00
TT000339,Completed,2026-02-27 13:22:46,FCE-FOUND-01,Demi Matte Foundation,1,34.00
TT000339,Completed,2026-02-27 13:22:46,FCE-SPRAY-02,Setting Spray — Dewy,1,24.00
TT000340,Completed,2026-04-02 12:23:40,CHK-BLUSH-01,Cream Blush — Petal,2,18.00
TT000340,Completed,2026-04-02 12:23:40,CHK-BRONZ-02,Liquid Bronzer,1,20.00
TT000340,Completed,2026-04-02 12:23:40,FCE-CONC-03,Concealer — Light,1,21.00
TT000341,Completed,2026-04-07 19:39:05,LSH-MASCARA-01,Volume Mascara — Black,1,18.00
TT000341,Completed,2026-04-07 19:39:05,LSH-LINER-02,Magnetic Lash Liner,1,22.00
TT000341,Completed,2026-04-07 19:39:05,SKN-SERUM-01,Glow Serum,1,42.00
TT000342,Completed,2026-02-22 05:20:13,CHK-BLUSH-01,Cream Blush — Petal,1,18.00
TT000342,Completed,2026-02-22 05:20:13,CHK-BRONZ-02,Liquid Bronzer,1,20.00
TT000343,Completed,2026-02-12 07:55:38,FCE-FOUND-01,Demi Matte Foundation,1,34.00
TT000343,Completed,2026-02-12 07:55:38,CHK-BRONZ-02,Liquid Bronzer,1,20.00
TT000344,Completed,2026-03-03 05:16:11,SKN-MINI-02,Mini Glow Drops,1,14.00
TT000345,Completed,2026-03-15 14:26:16,LIP-LINER-02,Lip Liner — Nude,1,13.00
TT000345,Completed,2026-03-15 14:26:16,CHK-BLUSH-01,Cream Blush — Petal,1,18.00
TT000345,Completed,2026-03-15 14:26:16,LSH-LASH-03,Magnetic Lashes — Wispy,1,26.00
TT000346,Completed,2026-03-24 05:12:25,FCE-FOUND-01,Demi Matte Foundation,1,34.00
TT000346,Completed,2026-03-24 05:12:25,FCE-CONC-03,Concealer — Light,2,21.00
TT000347,Completed,2026-04-22 03:59:14,SKN-SERUM-01,Glow Serum,1,42.00
TT000347,Completed,2026-04-22 03:59:14,SKN-MINI-02,Mini Glow Drops,1,14.00
TT000348,Completed,2026-04-09 02:40:14,CHK-BLUSH-01,Cream Blush — Petal,1,18.00
TT000348,Completed,2026-04-09 02:40:14,CHK-BRONZ-02,Liquid Bronzer,2,20.00
TT000348,Completed,2026-04-09 02:40:14,SKN-MINI-02,Mini Glow Drops,1,14.00
TT000349,Completed,2026-03-23 20:35:00,SKN-SERUM-01,Glow Serum,1,42.00
TT000349,Completed,2026-03-23 20:35:00,SKN-MINI-02,Mini Glow Drops,1,14.00
TT000350,Completed,2026-03-18 23:22:18,LSH-MASCARA-01,Volume Mascara — Black,1,18.00
TT000350,Completed,2026-03-18 23:22:18,LSH-LINER-02,Magnetic Lash Liner,1,22.00
TT000351,Completed,2026-03-06 02:18:50,LIP-OIL-01,Lip Oil — Cherry,2,15.00
TT000351,Completed,2026-03-06 02:18:50,LIP-LINER-02,Lip Liner — Nude,1,13.00
TT000352,Completed,2026-03-31 07:48:17,FCE-FOUND-01,Demi Matte Foundation,1,34.00
TT000352,Completed,2026-03-31 07:48:17,FCE-SPRAY-02,Setting Spray — Dewy,1,24.00
TT000352,Completed,2026-03-31 07:48:17,LSH-LINER-02,Magnetic Lash Liner,1,22.00
TT000353,Completed,2026-03-21 16:43:41,LSH-MASCARA-01,Volume Mascara — Black,1,18.00
TT000353,Completed,2026-03-21 16:43:41,LSH-LINER-02,Magnetic Lash Liner,1,22.00
TT000353,Completed,2026-03-21 16:43:41,FCE-SPRAY-02,Setting Spray — Dewy,1,24.00
TT000354,Completed,2026-04-16 13:28:46,FCE-FOUND-01,Demi Matte Foundation,1,34.00
TT000354,Completed,2026-04-16 13:28:46,FCE-CONC-03,Concealer — Light,1,21.00
TT000354,Completed,2026-04-16 13:28:46,LSH-LINER-02,Magnetic Lash Liner,1,22.00
TT000355,Completed,2026-02-17 22:52:08,SKN-SERUM-01,Glow Serum,1,42.00
TT000355,Completed,2026-02-17 22:52:08,SKN-MINI-02,Mini Glow Drops,1,14.00
TT000356,Completed,2026-03-25 06:47:03,CHK-BLUSH-01,Cream Blush — Petal,1,18.00
TT000356,Completed,2026-03-25 06:47:03,CHK-BRONZ-02,Liquid Bronzer,1,20.00
TT000357,Completed,2026-04-25 06:50:34,LSH-LINER-02,Magnetic Lash Liner,1,22.00
TT000358,Completed,2026-04-23 21:35:52,LIP-OIL-01,Lip Oil — Cherry,2,15.00
TT000358,Completed,2026-04-23 21:35:52,LIP-LINER-02,Lip Liner — Nude,1,13.00
TT000359,Completed,2026-02-11 16:22:59,FCE-FOUND-01,Demi Matte Foundation,1,34.00
TT000359,Completed,2026-02-11 16:22:59,FCE-SPRAY-02,Setting Spray — Dewy,1,24.00
TT000360,Completed,2026-03-16 12:45:14,LSH-MASCARA-01,Volume Mascara — Black,1,18.00
TT000360,Completed,2026-03-16 12:45:14,LSH-LINER-02,Magnetic Lash Liner,1,22.00
TT000361,Completed,2026-03-04 19:33:01,FCE-FOUND-01,Demi Matte Foundation,1,34.00
TT000361,Completed,2026-03-04 19:33:01,FCE-SPRAY-02,Setting Spray — Dewy,1,24.00
TT000362,Completed,2026-03-19 05:17:12,FCE-SPRAY-02,Setting Spray — Dewy,1,24.00
TT000363,Completed,2026-04-26 20:41:13,FCE-CONC-03,Concealer — Light,1,21.00
TT000364,Completed,2026-04-25 12:56:15,LSH-MASCARA-01,Volume Mascara — Black,1,18.00
TT000364,Completed,2026-04-25 12:56:15,LSH-LINER-02,Magnetic Lash Liner,1,22.00
TT000365,Completed,2026-04-08 12:23:32,LSH-MASCARA-01,Volume Mascara — Black,1,18.00
TT000365,Completed,2026-04-08 12:23:32,LSH-LINER-02,Magnetic Lash Liner,2,22.00
TT000365,Completed,2026-04-08 12:23:32,FCE-SPRAY-02,Setting Spray — Dewy,1,24.00
TT000366,Completed,2026-02-10 06:29:32,LSH-LINER-02,Magnetic Lash Liner,1,22.00
TT000366,Completed,2026-02-10 06:29:32,SKN-SERUM-01,Glow Serum,2,42.00
TT000366,Completed,2026-02-10 06:29:32,LSH-MASCARA-01,Volume Mascara — Black,1,18.00
TT000367,Completed,2026-05-01 06:33:53,LSH-LINER-02,Magnetic Lash Liner,1,22.00
TT000367,Completed,2026-05-01 06:33:53,LSH-LASH-03,Magnetic Lashes — Wispy,1,26.00
TT000367,Completed,2026-05-01 06:33:53,CHK-BLUSH-01,Cream Blush — Petal,1,18.00
TT000368,Completed,2026-03-06 13:48:02,LSH-MASCARA-01,Volume Mascara — Black,1,18.00
TT000368,Completed,2026-03-06 13:48:02,LSH-LINER-02,Magnetic Lash Liner,1,22.00
TT000369,Completed,2026-02-23 20:22:25,FCE-FOUND-01,Demi Matte Foundation,1,34.00
TT000370,Completed,2026-02-15 03:21:52,LSH-MASCARA-01,Volume Mascara — Black,1,18.00
TT000370,Completed,2026-02-15 03:21:52,LIP-LINER-02,Lip Liner — Nude,2,13.00
TT000371,Completed,2026-02-18 05:20:21,SKN-MINI-02,Mini Glow Drops,1,14.00
TT000371,Completed,2026-02-18 05:20:21,FCE-CONC-03,Concealer — Light,1,21.00
TT000372,Completed,2026-05-02 09:03:07,LIP-OIL-01,Lip Oil — Cherry,2,15.00
TT000373,Completed,2026-03-29 22:58:26,LSH-LINER-02,Magnetic Lash Liner,1,22.00
TT000373,Completed,2026-03-29 22:58:26,LSH-LASH-03,Magnetic Lashes — Wispy,1,26.00
TT000374,Completed,2026-03-21 17:27:37,LSH-MASCARA-01,Volume Mascara — Black,1,18.00
TT000374,Completed,2026-03-21 17:27:37,LSH-LINER-02,Magnetic Lash Liner,1,22.00
TT000375,Completed,2026-03-14 05:38:34,FCE-FOUND-01,Demi Matte Foundation,1,34.00
TT000375,Completed,2026-03-14 05:38:34,FCE-SPRAY-02,Setting Spray — Dewy,1,24.00
TT000376,Completed,2026-03-31 12:59:59,FCE-SPRAY-02,Setting Spray — Dewy,1,24.00
TT000376,Completed,2026-03-31 12:59:59,FCE-CONC-03,Concealer — Light,1,21.00
TT000376,Completed,2026-03-31 12:59:59,SKN-SERUM-01,Glow Serum,1,42.00
TT000377,Completed,2026-04-18 21:41:34,SKN-SERUM-01,Glow Serum,1,42.00
TT000377,Completed,2026-04-18 21:41:34,SKN-MINI-02,Mini Glow Drops,1,14.00
TT000378,Completed,2026-04-13 04:46:06,FCE-FOUND-01,Demi Matte Foundation,1,34.00
TT000378,Completed,2026-04-13 04:46:06,FCE-CONC-03,Concealer — Light,1,21.00
TT000379,Completed,2026-03-01 22:49:56,FCE-FOUND-01,Demi Matte Foundation,1,34.00
TT000379,Completed,2026-03-01 22:49:56,FCE-SPRAY-02,Setting Spray — Dewy,1,24.00
TT000380,Completed,2026-03-07 23:33:55,FCE-FOUND-01,Demi Matte Foundation,1,34.00
TT000380,Completed,2026-03-07 23:33:55,FCE-SPRAY-02,Setting Spray — Dewy,1,24.00
TT000381,Completed,2026-02-19 06:58:16,CHK-BLUSH-01,Cream Blush — Petal,1,18.00
TT000381,Completed,2026-02-19 06:58:16,CHK-BRONZ-02,Liquid Bronzer,1,20.00
TT000382,Completed,2026-03-04 05:47:57,SKN-SERUM-01,Glow Serum,1,42.00
TT000382,Completed,2026-03-04 05:47:57,SKN-MINI-02,Mini Glow Drops,1,14.00
TT000382,Completed,2026-03-04 05:47:57,LSH-LASH-03,Magnetic Lashes — Wispy,1,26.00
TT000383,Cancelled,2026-02-15 19:50:26,FCE-FOUND-01,Demi Matte Foundation,1,34.00
TT000383,Cancelled,2026-02-15 19:50:26,FCE-CONC-03,Concealer — Light,1,21.00
TT000384,Completed,2026-03-06 21:01:30,LSH-MASCARA-01,Volume Mascara — Black,1,18.00
TT000384,Completed,2026-03-06 21:01:30,LSH-LINER-02,Magnetic Lash Liner,1,22.00
TT000385,Completed,2026-03-11 11:34:39,CHK-BLUSH-01,Cream Blush — Petal,1,18.00
TT000385,Completed,2026-03-11 11:34:39,CHK-BRONZ-02,Liquid Bronzer,2,20.00
TT000386,Completed,2026-03-25 10:12:37,SKN-SERUM-01,Glow Serum,1,42.00
TT000386,Completed,2026-03-25 10:12:37,LSH-MASCARA-01,Volume Mascara — Black,2,18.00
TT000387,Completed,2026-03-12 09:26:02,SKN-SERUM-01,Glow Serum,1,42.00
TT000387,Completed,2026-03-12 09:26:02,SKN-MINI-02,Mini Glow Drops,1,14.00
TT000387,Completed,2026-03-12 09:26:02,LIP-LINER-02,Lip Liner — Nude,2,13.00
TT000388,Completed,2026-04-28 06:48:56,CHK-BRONZ-02,Liquid Bronzer,1,20.00
TT000389,Completed,2026-03-01 14:04:22,FCE-FOUND-01,Demi Matte Foundation,1,34.00
TT000389,Completed,2026-03-01 14:04:22,FCE-SPRAY-02,Setting Spray — Dewy,1,24.00
TT000390,Completed,2026-03-12 21:51:24,LIP-OIL-01,Lip Oil — Cherry,1,15.00
TT000390,Completed,2026-03-12 21:51:24,LIP-LINER-02,Lip Liner — Nude,1,13.00
TT000391,Completed,2026-03-24 02:56:58,SKN-SERUM-01,Glow Serum,1,42.00
TT000391,Completed,2026-03-24 02:56:58,SKN-MINI-02,Mini Glow Drops,1,14.00
TT000392,Completed,2026-04-11 23:28:08,SKN-SERUM-01,Glow Serum,1,42.00
TT000392,Completed,2026-04-11 23:28:08,SKN-MINI-02,Mini Glow Drops,1,14.00
TT000392,Completed,2026-04-11 23:28:08,LSH-LASH-03,Magnetic Lashes — Wispy,1,26.00
TT000393,Completed,2026-03-02 07:08:27,FCE-FOUND-01,Demi Matte Foundation,1,34.00
TT000393,Completed,2026-03-02 07:08:27,FCE-SPRAY-02,Setting Spray — Dewy,1,24.00
TT000394,Completed,2026-04-30 11:33:30,FCE-FOUND-01,Demi Matte Foundation,2,34.00
TT000394,Completed,2026-04-30 11:33:30,FCE-CONC-03,Concealer — Light,1,21.00
TT000394,Completed,2026-04-30 11:33:30,CHK-BRONZ-02,Liquid Bronzer,1,20.00
TT000395,Completed,2026-04-20 03:04:14,LSH-MASCARA-01,Volume Mascara — Black,1,18.00
TT000395,Completed,2026-04-20 03:04:14,LSH-LINER-02,Magnetic Lash Liner,1,22.00
TT000395,Completed,2026-04-20 03:04:14,FCE-SPRAY-02,Setting Spray — Dewy,1,24.00
TT000395,Completed,2026-04-20 03:04:14,CHK-BLUSH-01,Cream Blush — Petal,1,18.00
TT000396,Completed,2026-03-04 21:47:07,LIP-LINER-02,Lip Liner — Nude,2,13.00
TT000397,Completed,2026-03-02 13:48:06,CHK-BLUSH-01,Cream Blush — Petal,1,18.00
TT000397,Completed,2026-03-02 13:48:06,CHK-BRONZ-02,Liquid Bronzer,1,20.00
TT000398,Completed,2026-03-03 12:23:19,LSH-LASH-03,Magnetic Lashes — Wispy,1,26.00
TT000398,Completed,2026-03-03 12:23:19,LIP-LINER-02,Lip Liner — Nude,1,13.00
TT000398,Completed,2026-03-03 12:23:19,LSH-MASCARA-01,Volume Mascara — Black,1,18.00
TT000399,Completed,2026-03-13 04:41:35,CHK-BLUSH-01,Cream Blush — Petal,2,18.00
TT000399,Completed,2026-03-13 04:41:35,CHK-BRONZ-02,Liquid Bronzer,1,20.00
TT000399,Completed,2026-03-13 04:41:35,SKN-MINI-02,Mini Glow Drops,2,14.00
TT000400,Completed,2026-03-03 01:27:16,LSH-LINER-02,Magnetic Lash Liner,1,22.00
TT000400,Completed,2026-03-03 01:27:16,FCE-SPRAY-02,Setting Spray — Dewy,1,24.00
TT000400,Completed,2026-03-03 01:27:16,LSH-LASH-03,Magnetic Lashes — Wispy,1,26.00
TT000401,Completed,2026-04-03 01:44:54,CHK-BLUSH-01,Cream Blush — Petal,1,18.00
TT000401,Completed,2026-04-03 01:44:54,FCE-SPRAY-02,Setting Spray — Dewy,2,24.00
TT000402,Completed,2026-02-28 01:40:19,LIP-OIL-01,Lip Oil — Cherry,1,15.00
TT000402,Completed,2026-02-28 01:40:19,LIP-LINER-02,Lip Liner — Nude,1,13.00
TT000403,Completed,2026-04-19 13:47:21,LSH-MASCARA-01,Volume Mascara — Black,1,18.00
TT000403,Completed,2026-04-19 13:47:21,LSH-LINER-02,Magnetic Lash Liner,1,22.00
TT000404,Completed,2026-03-15 20:59:08,CHK-BLUSH-01,Cream Blush — Petal,1,18.00
TT000404,Completed,2026-03-15 20:59:08,CHK-BRONZ-02,Liquid Bronzer,2,20.00
TT000404,Completed,2026-03-15 20:59:08,FCE-SPRAY-02,Setting Spray — Dewy,2,24.00
TT000405,Completed,2026-02-16 18:22:42,LIP-OIL-01,Lip Oil — Cherry,1,15.00
TT000405,Completed,2026-02-16 18:22:42,LIP-LINER-02,Lip Liner — Nude,1,13.00
TT000406,Completed,2026-05-06 08:32:30,FCE-FOUND-01,Demi Matte Foundation,1,34.00
TT000406,Completed,2026-05-06 08:32:30,FCE-SPRAY-02,Setting Spray — Dewy,1,24.00
TT000407,Completed,2026-03-15 16:48:22,LSH-MASCARA-01,Volume Mascara — Black,2,18.00
TT000407,Completed,2026-03-15 16:48:22,LSH-LINER-02,Magnetic Lash Liner,1,22.00
TT000408,Completed,2026-04-04 23:09:22,LSH-MASCARA-01,Volume Mascara — Black,1,18.00
TT000408,Completed,2026-04-04 23:09:22,LSH-LINER-02,Magnetic Lash Liner,1,22.00
TT000409,Completed,2026-04-30 17:15:10,CHK-BLUSH-01,Cream Blush — Petal,2,18.00
TT000409,Completed,2026-04-30 17:15:10,CHK-BRONZ-02,Liquid Bronzer,1,20.00
TT000410,Completed,2026-04-03 02:12:17,LIP-OIL-01,Lip Oil — Cherry,1,15.00
TT000410,Completed,2026-04-03 02:12:17,LIP-LINER-02,Lip Liner — Nude,2,13.00
TT000411,Completed,2026-02-20 00:53:14,LSH-MASCARA-01,Volume Mascara — Black,1,18.00
TT000411,Completed,2026-02-20 00:53:14,LSH-LINER-02,Magnetic Lash Liner,1,22.00
TT000411,Completed,2026-02-20 00:53:14,LSH-LASH-03,Magnetic Lashes — Wispy,1,26.00
TT000412,Completed,2026-02-13 06:50:53,LSH-LINER-02,Magnetic Lash Liner,1,22.00
TT000412,Completed,2026-02-13 06:50:53,LSH-LASH-03,Magnetic Lashes — Wispy,1,26.00
TT000413,Completed,2026-03-08 17:04:55,LIP-LINER-02,Lip Liner — Nude,1,13.00
TT000413,Completed,2026-03-08 17:04:55,LSH-LASH-03,Magnetic Lashes — Wispy,1,26.00
TT000413,Completed,2026-03-08 17:04:55,CHK-BRONZ-02,Liquid Bronzer,1,20.00
TT000414,Completed,2026-02-21 15:38:51,FCE-FOUND-01,Demi Matte Foundation,2,34.00
TT000414,Completed,2026-02-21 15:38:51,FCE-SPRAY-02,Setting Spray — Dewy,1,24.00
TT000415,Completed,2026-03-22 01:09:36,LSH-LINER-02,Magnetic Lash Liner,1,22.00
TT000415,Completed,2026-03-22 01:09:36,LSH-LASH-03,Magnetic Lashes — Wispy,1,26.00
TT000416,Completed,2026-02-16 18:07:42,FCE-FOUND-01,Demi Matte Foundation,1,34.00
TT000416,Completed,2026-02-16 18:07:42,FCE-SPRAY-02,Setting Spray — Dewy,1,24.00
TT000417,Completed,2026-03-31 23:30:17,FCE-FOUND-01,Demi Matte Foundation,1,34.00
TT000417,Completed,2026-03-31 23:30:17,FCE-SPRAY-02,Setting Spray — Dewy,1,24.00
TT000418,Completed,2026-04-15 18:35:39,CHK-BRONZ-02,Liquid Bronzer,1,20.00
TT000418,Completed,2026-04-15 18:35:39,CHK-BLUSH-01,Cream Blush — Petal,1,18.00
TT000419,Completed,2026-05-02 11:51:54,SKN-SERUM-01,Glow Serum,1,42.00
TT000419,Completed,2026-05-02 11:51:54,SKN-MINI-02,Mini Glow Drops,2,14.00
TT000419,Completed,2026-05-02 11:51:54,CHK-BRONZ-02,Liquid Bronzer,1,20.00
TT000420,Completed,2026-03-13 13:46:07,CHK-BRONZ-02,Liquid Bronzer,1,20.00
TT000421,Completed,2026-03-30 07:42:03,SKN-SERUM-01,Glow Serum,1,42.00
TT000421,Completed,2026-03-30 07:42:03,SKN-MINI-02,Mini Glow Drops,1,14.00
TT000422,Completed,2026-04-23 06:58:19,FCE-FOUND-01,Demi Matte Foundation,1,34.00
TT000422,Completed,2026-04-23 06:58:19,FCE-CONC-03,Concealer — Light,1,21.00
TT000423,Completed,2026-03-13 21:14:42,FCE-FOUND-01,Demi Matte Foundation,1,34.00
TT000423,Completed,2026-03-13 21:14:42,FCE-SPRAY-02,Setting Spray — Dewy,1,24.00
TT000424,Completed,2026-05-03 10:35:05,SKN-MINI-02,Mini Glow Drops,1,14.00
TT000424,Completed,2026-05-03 10:35:05,FCE-SPRAY-02,Setting Spray — Dewy,1,24.00
TT000425,Completed,2026-04-19 14:43:09,FCE-FOUND-01,Demi Matte Foundation,1,34.00
TT000425,Completed,2026-04-19 14:43:09,FCE-CONC-03,Concealer — Light,1,21.00
TT000426,Completed,2026-04-23 08:16:03,FCE-FOUND-01,Demi Matte Foundation,1,34.00
TT000426,Completed,2026-04-23 08:16:03,FCE-CONC-03,Concealer — Light,1,21.00
TT000427,Completed,2026-05-03 22:51:09,CHK-BLUSH-01,Cream Blush — Petal,1,18.00
TT000427,Completed,2026-05-03 22:51:09,CHK-BRONZ-02,Liquid Bronzer,1,20.00
TT000427,Completed,2026-05-03 22:51:09,FCE-FOUND-01,Demi Matte Foundation,1,34.00
TT000428,Completed,2026-03-07 16:08:35,FCE-CONC-03,Concealer — Light,1,21.00
TT000428,Completed,2026-03-07 16:08:35,FCE-SPRAY-02,Setting Spray — Dewy,1,24.00
TT000428,Completed,2026-03-07 16:08:35,LSH-LINER-02,Magnetic Lash Liner,2,22.00
TT000429,Completed,2026-03-07 16:27:17,LIP-OIL-01,Lip Oil — Cherry,1,15.00
TT000429,Completed,2026-03-07 16:27:17,LIP-LINER-02,Lip Liner — Nude,1,13.00
TT000430,Completed,2026-04-08 23:45:42,FCE-FOUND-01,Demi Matte Foundation,1,34.00
TT000430,Completed,2026-04-08 23:45:42,FCE-SPRAY-02,Setting Spray — Dewy,1,24.00
TT000431,Completed,2026-03-25 10:09:44,LSH-MASCARA-01,Volume Mascara — Black,1,18.00
TT000431,Completed,2026-03-25 10:09:44,LIP-OIL-01,Lip Oil — Cherry,1,15.00
TT000431,Completed,2026-03-25 10:09:44,SKN-SERUM-01,Glow Serum,1,42.00
TT000432,Completed,2026-02-27 09:53:02,LSH-MASCARA-01,Volume Mascara — Black,1,18.00
TT000432,Completed,2026-02-27 09:53:02,LSH-LINER-02,Magnetic Lash Liner,1,22.00
TT000432,Completed,2026-02-27 09:53:02,LSH-LASH-03,Magnetic Lashes — Wispy,1,26.00
TT000433,Completed,2026-05-01 08:16:56,SKN-SERUM-01,Glow Serum,1,42.00
TT000433,Completed,2026-05-01 08:16:56,SKN-MINI-02,Mini Glow Drops,1,14.00
TT000434,Completed,2026-03-25 11:44:39,CHK-BLUSH-01,Cream Blush — Petal,1,18.00
TT000434,Completed,2026-03-25 11:44:39,CHK-BRONZ-02,Liquid Bronzer,1,20.00
TT000435,Completed,2026-02-11 20:10:16,FCE-CONC-03,Concealer — Light,1,21.00
TT000435,Completed,2026-02-11 20:10:16,CHK-BRONZ-02,Liquid Bronzer,2,20.00
TT000436,Completed,2026-03-04 15:52:18,LIP-OIL-01,Lip Oil — Cherry,2,15.00
TT000436,Completed,2026-03-04 15:52:18,LIP-LINER-02,Lip Liner — Nude,1,13.00
TT000437,Completed,2026-02-16 18:14:20,FCE-FOUND-01,Demi Matte Foundation,1,34.00
TT000437,Completed,2026-02-16 18:14:20,FCE-SPRAY-02,Setting Spray — Dewy,1,24.00
TT000438,Completed,2026-03-19 00:02:02,CHK-BLUSH-01,Cream Blush — Petal,1,18.00
TT000438,Completed,2026-03-19 00:02:02,CHK-BRONZ-02,Liquid Bronzer,1,20.00
TT000439,Completed,2026-04-01 20:24:19,LSH-LINER-02,Magnetic Lash Liner,1,22.00
TT000439,Completed,2026-04-01 20:24:19,LSH-LASH-03,Magnetic Lashes — Wispy,1,26.00
TT000440,Completed,2026-03-25 05:52:08,FCE-FOUND-01,Demi Matte Foundation,1,34.00
TT000440,Completed,2026-03-25 05:52:08,FCE-SPRAY-02,Setting Spray — Dewy,2,24.00
TT000440,Completed,2026-03-25 05:52:08,SKN-SERUM-01,Glow Serum,2,42.00
TT000441,Completed,2026-04-14 02:10:57,SKN-SERUM-01,Glow Serum,1,42.00
TT000441,Completed,2026-04-14 02:10:57,CHK-BRONZ-02,Liquid Bronzer,1,20.00
TT000442,Completed,2026-02-19 10:13:49,LSH-MASCARA-01,Volume Mascara — Black,1,18.00
TT000442,Completed,2026-02-19 10:13:49,LSH-LINER-02,Magnetic Lash Liner,1,22.00
TT000443,Completed,2026-04-22 11:40:00,LSH-LINER-02,Magnetic Lash Liner,2,22.00
TT000443,Completed,2026-04-22 11:40:00,LSH-LASH-03,Magnetic Lashes — Wispy,1,26.00
TT000444,Completed,2026-05-01 02:31:33,SKN-SERUM-01,Glow Serum,1,42.00
TT000444,Completed,2026-05-01 02:31:33,SKN-MINI-02,Mini Glow Drops,1,14.00
TT000445,Completed,2026-04-24 17:03:47,LSH-MASCARA-01,Volume Mascara — Black,1,18.00
TT000445,Completed,2026-04-24 17:03:47,LSH-LINER-02,Magnetic Lash Liner,1,22.00
TT000446,Completed,2026-02-14 14:47:35,FCE-FOUND-01,Demi Matte Foundation,1,34.00
TT000446,Completed,2026-02-14 14:47:35,FCE-CONC-03,Concealer — Light,1,21.00
TT000447,Completed,2026-03-16 06:06:54,SKN-SERUM-01,Glow Serum,1,42.00
TT000447,Completed,2026-03-16 06:06:54,FCE-SPRAY-02,Setting Spray — Dewy,2,24.00
TT000448,Completed,2026-03-03 16:00:59,LSH-MASCARA-01,Volume Mascara — Black,2,18.00
TT000448,Completed,2026-03-03 16:00:59,LSH-LINER-02,Magnetic Lash Liner,2,22.00
TT000448,Completed,2026-03-03 16:00:59,FCE-SPRAY-02,Setting Spray — Dewy,2,24.00
TT000449,Completed,2026-02-15 14:08:23,FCE-FOUND-01,Demi Matte Foundation,1,34.00
TT000449,Completed,2026-02-15 14:08:23,FCE-CONC-03,Concealer — Light,1,21.00
TT000450,Completed,2026-04-21 04:49:20,FCE-FOUND-01,Demi Matte Foundation,2,34.00
TT000450,Completed,2026-04-21 04:49:20,FCE-SPRAY-02,Setting Spray — Dewy,1,24.00
TT000450,Completed,2026-04-21 04:49:20,SKN-MINI-02,Mini Glow Drops,1,14.00
TT000451,Completed,2026-04-04 15:11:30,SKN-SERUM-01,Glow Serum,1,42.00
TT000451,Completed,2026-04-04 15:11:30,SKN-MINI-02,Mini Glow Drops,1,14.00
TT000452,Completed,2026-04-24 21:38:06,SKN-SERUM-01,Glow Serum,1,42.00
TT000452,Completed,2026-04-24 21:38:06,SKN-MINI-02,Mini Glow Drops,1,14.00
TT000453,Completed,2026-02-07 22:08:43,LSH-MASCARA-01,Volume Mascara — Black,1,18.00
TT000453,Completed,2026-02-07 22:08:43,LSH-LINER-02,Magnetic Lash Liner,1,22.00
TT000454,Completed,2026-03-07 20:58:01,LSH-LINER-02,Magnetic Lash Liner,1,22.00
TT000454,Completed,2026-03-07 20:58:01,LSH-LASH-03,Magnetic Lashes — Wispy,1,26.00
TT000454,Completed,2026-03-07 20:58:01,LIP-LINER-02,Lip Liner — Nude,1,13.00
TT000455,Completed,2026-03-08 11:36:57,LSH-MASCARA-01,Volume Mascara — Black,1,18.00
TT000455,Completed,2026-03-08 11:36:57,LSH-LINER-02,Magnetic Lash Liner,2,22.00
TT000456,Completed,2026-02-21 06:58:29,SKN-SERUM-01,Glow Serum,1,42.00
TT000456,Completed,2026-02-21 06:58:29,SKN-MINI-02,Mini Glow Drops,1,14.00
TT000457,Completed,2026-04-30 14:30:11,FCE-FOUND-01,Demi Matte Foundation,1,34.00
TT000457,Completed,2026-04-30 14:30:11,FCE-SPRAY-02,Setting Spray — Dewy,1,24.00
TT000458,Completed,2026-04-29 07:39:03,LIP-OIL-01,Lip Oil — Cherry,1,15.00
TT000458,Completed,2026-04-29 07:39:03,LSH-LASH-03,Magnetic Lashes — Wispy,2,26.00
TT000458,Completed,2026-04-29 07:39:03,CHK-BRONZ-02,Liquid Bronzer,1,20.00
TT000459,Completed,2026-03-21 04:34:05,FCE-FOUND-01,Demi Matte Foundation,1,34.00
TT000459,Completed,2026-03-21 04:34:05,FCE-SPRAY-02,Setting Spray — Dewy,1,24.00
TT000460,Completed,2026-04-16 12:48:56,LSH-LINER-02,Magnetic Lash Liner,1,22.00
TT000460,Completed,2026-04-16 12:48:56,LSH-LASH-03,Magnetic Lashes — Wispy,1,26.00
TT000461,Completed,2026-02-11 12:54:28,CHK-BLUSH-01,Cream Blush — Petal,1,18.00
TT000462,Completed,2026-03-11 22:08:03,CHK-BLUSH-01,Cream Blush — Petal,2,18.00
TT000463,Completed,2026-03-14 11:26:04,LSH-MASCARA-01,Volume Mascara — Black,2,18.00
TT000463,Completed,2026-03-14 11:26:04,LSH-LINER-02,Magnetic Lash Liner,1,22.00
TT000464,Completed,2026-03-17 02:27:25,LSH-LINER-02,Magnetic Lash Liner,1,22.00
TT000464,Completed,2026-03-17 02:27:25,LSH-LASH-03,Magnetic Lashes — Wispy,1,26.00
TT000465,Completed,2026-04-29 20:06:33,FCE-FOUND-01,Demi Matte Foundation,1,34.00
TT000465,Completed,2026-04-29 20:06:33,FCE-SPRAY-02,Setting Spray — Dewy,1,24.00
TT000466,Completed,2026-05-04 02:37:20,SKN-SERUM-01,Glow Serum,2,42.00
TT000466,Completed,2026-05-04 02:37:20,LSH-LINER-02,Magnetic Lash Liner,2,22.00
TT000466,Completed,2026-05-04 02:37:20,FCE-FOUND-01,Demi Matte Foundation,1,34.00
TT000467,Completed,2026-02-09 05:55:15,LSH-LINER-02,Magnetic Lash Liner,1,22.00
TT000467,Completed,2026-02-09 05:55:15,LSH-LASH-03,Magnetic Lashes — Wispy,2,26.00
TT000468,Completed,2026-03-18 07:21:47,LIP-OIL-01,Lip Oil — Cherry,1,15.00
TT000468,Completed,2026-03-18 07:21:47,LIP-LINER-02,Lip Liner — Nude,1,13.00
TT000468,Completed,2026-03-18 07:21:47,LSH-MASCARA-01,Volume Mascara — Black,1,18.00
TT000469,Completed,2026-04-18 17:17:39,LIP-LINER-02,Lip Liner — Nude,1,13.00
TT000469,Completed,2026-04-18 17:17:39,LIP-OIL-01,Lip Oil — Cherry,1,15.00
TT000470,Completed,2026-04-15 00:03:35,CHK-BLUSH-01,Cream Blush — Petal,1,18.00
TT000470,Completed,2026-04-15 00:03:35,CHK-BRONZ-02,Liquid Bronzer,1,20.00
TT000471,Completed,2026-03-21 10:13:56,CHK-BLUSH-01,Cream Blush — Petal,1,18.00
TT000471,Completed,2026-03-21 10:13:56,CHK-BRONZ-02,Liquid Bronzer,2,20.00
TT000472,Completed,2026-03-13 14:38:29,LSH-LASH-03,Magnetic Lashes — Wispy,1,26.00
TT000472,Completed,2026-03-13 14:38:29,CHK-BRONZ-02,Liquid Bronzer,1,20.00
TT000473,Completed,2026-03-19 14:38:03,FCE-FOUND-01,Demi Matte Foundation,1,34.00
TT000474,Completed,2026-03-09 04:03:15,LIP-OIL-01,Lip Oil — Cherry,2,15.00
TT000474,Completed,2026-03-09 04:03:15,LIP-LINER-02,Lip Liner — Nude,1,13.00
TT000475,Completed,2026-04-15 11:41:35,FCE-SPRAY-02,Setting Spray — Dewy,1,24.00
TT000475,Completed,2026-04-15 11:41:35,LSH-MASCARA-01,Volume Mascara — Black,1,18.00
TT000476,Completed,2026-03-16 13:38:19,CHK-BLUSH-01,Cream Blush — Petal,1,18.00
TT000476,Completed,2026-03-16 13:38:19,CHK-BRONZ-02,Liquid Bronzer,1,20.00
TT000477,Completed,2026-04-21 19:12:58,FCE-FOUND-01,Demi Matte Foundation,2,34.00
TT000477,Completed,2026-04-21 19:12:58,FCE-SPRAY-02,Setting Spray — Dewy,1,24.00
TT000478,Completed,2026-04-10 11:37:48,FCE-FOUND-01,Demi Matte Foundation,1,34.00
TT000478,Completed,2026-04-10 11:37:48,FCE-SPRAY-02,Setting Spray — Dewy,1,24.00
TT000479,Completed,2026-04-24 12:44:55,CHK-BRONZ-02,Liquid Bronzer,1,20.00
TT000480,Completed,2026-04-10 12:48:26,LSH-MASCARA-01,Volume Mascara — Black,1,18.00
TT000480,Completed,2026-04-10 12:48:26,LSH-LINER-02,Magnetic Lash Liner,1,22.00
TT000481,Completed,2026-04-14 19:48:49,CHK-BLUSH-01,Cream Blush — Petal,1,18.00
TT000481,Completed,2026-04-14 19:48:49,CHK-BRONZ-02,Liquid Bronzer,1,20.00
TT000482,Completed,2026-02-13 20:31:29,LSH-LASH-03,Magnetic Lashes — Wispy,1,26.00
TT000482,Completed,2026-02-13 20:31:29,LIP-LINER-02,Lip Liner — Nude,1,13.00
TT000482,Completed,2026-02-13 20:31:29,LIP-OIL-01,Lip Oil — Cherry,1,15.00
TT000483,Completed,2026-04-13 06:32:17,CHK-BLUSH-01,Cream Blush — Petal,1,18.00
TT000483,Completed,2026-04-13 06:32:17,CHK-BRONZ-02,Liquid Bronzer,1,20.00
TT000484,Completed,2026-04-29 01:29:50,CHK-BLUSH-01,Cream Blush — Petal,1,18.00
TT000484,Completed,2026-04-29 01:29:50,CHK-BRONZ-02,Liquid Bronzer,1,20.00
TT000485,Completed,2026-03-12 03:28:05,FCE-FOUND-01,Demi Matte Foundation,1,34.00
TT000485,Completed,2026-03-12 03:28:05,FCE-SPRAY-02,Setting Spray — Dewy,2,24.00
TT000486,Completed,2026-04-26 21:59:22,LIP-LINER-02,Lip Liner — Nude,1,13.00
TT000486,Completed,2026-04-26 21:59:22,LIP-OIL-01,Lip Oil — Cherry,2,15.00
TT000487,Completed,2026-04-14 19:56:54,FCE-FOUND-01,Demi Matte Foundation,1,34.00
TT000487,Completed,2026-04-14 19:56:54,FCE-SPRAY-02,Setting Spray — Dewy,1,24.00
TT000488,Completed,2026-04-12 17:33:41,FCE-FOUND-01,Demi Matte Foundation,1,34.00
TT000488,Completed,2026-04-12 17:33:41,FCE-CONC-03,Concealer — Light,2,21.00
TT000489,Completed,2026-03-21 02:19:40,FCE-FOUND-01,Demi Matte Foundation,1,34.00
TT000489,Completed,2026-03-21 02:19:40,FCE-SPRAY-02,Setting Spray — Dewy,1,24.00
TT000489,Completed,2026-03-21 02:19:40,CHK-BRONZ-02,Liquid Bronzer,1,20.00
TT000490,Completed,2026-04-18 14:14:28,SKN-SERUM-01,Glow Serum,1,42.00
TT000490,Completed,2026-04-18 14:14:28,SKN-MINI-02,Mini Glow Drops,2,14.00
TT000491,Completed,2026-02-14 05:00:44,SKN-SERUM-01,Glow Serum,1,42.00
TT000491,Completed,2026-02-14 05:00:44,SKN-MINI-02,Mini Glow Drops,1,14.00
TT000492,Completed,2026-03-29 06:38:17,FCE-FOUND-01,Demi Matte Foundation,1,34.00
TT000492,Completed,2026-03-29 06:38:17,FCE-SPRAY-02,Setting Spray — Dewy,1,24.00
TT000493,Completed,2026-03-18 01:37:47,SKN-MINI-02,Mini Glow Drops,1,14.00
TT000493,Completed,2026-03-18 01:37:47,CHK-BRONZ-02,Liquid Bronzer,1,20.00
TT000494,Completed,2026-04-27 07:42:05,LSH-LINER-02,Magnetic Lash Liner,1,22.00
TT000494,Completed,2026-04-27 07:42:05,LSH-LASH-03,Magnetic Lashes — Wispy,2,26.00
TT000495,Completed,2026-04-15 22:28:15,LSH-LINER-02,Magnetic Lash Liner,1,22.00
TT000495,Completed,2026-04-15 22:28:15,LSH-LASH-03,Magnetic Lashes — Wispy,1,26.00
TT000496,Completed,2026-03-20 08:55:32,LSH-MASCARA-01,Volume Mascara — Black,1,18.00
TT000496,Completed,2026-03-20 08:55:32,LSH-LINER-02,Magnetic Lash Liner,1,22.00
TT000497,Completed,2026-02-21 10:49:33,LIP-OIL-01,Lip Oil — Cherry,1,15.00
TT000498,Completed,2026-04-20 08:51:59,SKN-SERUM-01,Glow Serum,1,42.00
TT000498,Completed,2026-04-20 08:51:59,SKN-MINI-02,Mini Glow Drops,1,14.00
TT000499,Completed,2026-03-05 12:54:47,FCE-CONC-03,Concealer — Light,1,21.00
TT000499,Completed,2026-03-05 12:54:47,FCE-SPRAY-02,Setting Spray — Dewy,1,24.00
TT000499,Completed,2026-03-05 12:54:47,CHK-BRONZ-02,Liquid Bronzer,1,20.00
TT000500,Completed,2026-03-30 02:48:28,LIP-OIL-01,Lip Oil — Cherry,1,15.00
TT000500,Completed,2026-03-30 02:48:28,LIP-LINER-02,Lip Liner — Nude,1,13.00
TT000501,Completed,2026-03-10 22:05:32,LIP-OIL-01,Lip Oil — Cherry,1,15.00
TT000501,Completed,2026-03-10 22:05:32,LIP-LINER-02,Lip Liner — Nude,1,13.00
TT000501,Completed,2026-03-10 22:05:32,FCE-SPRAY-02,Setting Spray — Dewy,1,24.00
TT000502,Completed,2026-04-17 21:31:15,FCE-SPRAY-02,Setting Spray — Dewy,1,24.00
TT000503,Cancelled,2026-02-11 20:55:33,FCE-FOUND-01,Demi Matte Foundation,1,34.00
TT000503,Cancelled,2026-02-11 20:55:33,FCE-CONC-03,Concealer — Light,1,21.00
TT000504,Completed,2026-02-11 14:27:48,LSH-MASCARA-01,Volume Mascara — Black,1,18.00
TT000504,Completed,2026-02-11 14:27:48,LSH-LINER-02,Magnetic Lash Liner,1,22.00
TT000505,Completed,2026-03-17 18:20:30,LSH-LINER-02,Magnetic Lash Liner,1,22.00
TT000505,Completed,2026-03-17 18:20:30,CHK-BRONZ-02,Liquid Bronzer,1,20.00
TT000506,Completed,2026-03-22 13:52:47,FCE-FOUND-01,Demi Matte Foundation,1,34.00
TT000506,Completed,2026-03-22 13:52:47,FCE-SPRAY-02,Setting Spray — Dewy,2,24.00
TT000507,Completed,2026-03-18 03:36:39,LSH-MASCARA-01,Volume Mascara — Black,1,18.00
TT000507,Completed,2026-03-18 03:36:39,LSH-LINER-02,Magnetic Lash Liner,2,22.00
TT000507,Completed,2026-03-18 03:36:39,FCE-SPRAY-02,Setting Spray — Dewy,1,24.00
TT000508,Completed,2026-04-02 11:33:49,LIP-LINER-02,Lip Liner — Nude,1,13.00
TT000508,Completed,2026-04-02 11:33:49,LSH-LASH-03,Magnetic Lashes — Wispy,1,26.00
TT000509,Completed,2026-03-20 05:21:39,LIP-LINER-02,Lip Liner — Nude,1,13.00
TT000509,Completed,2026-03-20 05:21:39,CHK-BLUSH-01,Cream Blush — Petal,1,18.00
TT000509,Completed,2026-03-20 05:21:39,CHK-BRONZ-02,Liquid Bronzer,1,20.00
TT000510,Completed,2026-04-15 04:16:54,LSH-MASCARA-01,Volume Mascara — Black,2,18.00
TT000510,Completed,2026-04-15 04:16:54,LSH-LASH-03,Magnetic Lashes — Wispy,1,26.00
TT000511,Completed,2026-03-28 20:55:06,LIP-LINER-02,Lip Liner — Nude,1,13.00
TT000512,Completed,2026-03-11 21:40:59,FCE-FOUND-01,Demi Matte Foundation,1,34.00
TT000512,Completed,2026-03-11 21:40:59,FCE-CONC-03,Concealer — Light,1,21.00
TT000513,Completed,2026-05-01 10:41:58,SKN-SERUM-01,Glow Serum,1,42.00
TT000513,Completed,2026-05-01 10:41:58,SKN-MINI-02,Mini Glow Drops,1,14.00
TT000514,Completed,2026-03-18 08:36:35,LSH-LINER-02,Magnetic Lash Liner,1,22.00
TT000514,Completed,2026-03-18 08:36:35,LSH-LASH-03,Magnetic Lashes — Wispy,1,26.00
TT000515,Completed,2026-03-03 01:17:39,LIP-OIL-01,Lip Oil — Cherry,1,15.00
TT000515,Completed,2026-03-03 01:17:39,SKN-SERUM-01,Glow Serum,1,42.00
TT000516,Completed,2026-02-26 07:40:11,LSH-MASCARA-01,Volume Mascara — Black,1,18.00
TT000516,Completed,2026-02-26 07:40:11,FCE-FOUND-01,Demi Matte Foundation,1,34.00
TT000516,Completed,2026-02-26 07:40:11,LIP-LINER-02,Lip Liner — Nude,1,13.00
TT000517,Completed,2026-02-19 11:30:25,LIP-OIL-01,Lip Oil — Cherry,1,15.00
TT000517,Completed,2026-02-19 11:30:25,LIP-LINER-02,Lip Liner — Nude,1,13.00
TT000518,Completed,2026-04-25 22:54:34,SKN-SERUM-01,Glow Serum,2,42.00
TT000519,Completed,2026-02-27 16:59:30,CHK-BLUSH-01,Cream Blush — Petal,1,18.00
TT000519,Completed,2026-02-27 16:59:30,CHK-BRONZ-02,Liquid Bronzer,2,20.00
TT000520,Cancelled,2026-03-30 02:59:24,CHK-BLUSH-01,Cream Blush — Petal,2,18.00
TT000520,Cancelled,2026-03-30 02:59:24,CHK-BRONZ-02,Liquid Bronzer,1,20.00
TT000521,Completed,2026-03-07 08:17:08,LSH-MASCARA-01,Volume Mascara — Black,1,18.00
TT000521,Completed,2026-03-07 08:17:08,LSH-LINER-02,Magnetic Lash Liner,1,22.00
TT000522,Completed,2026-03-26 07:17:31,CHK-BLUSH-01,Cream Blush — Petal,1,18.00
TT000522,Completed,2026-03-26 07:17:31,CHK-BRONZ-02,Liquid Bronzer,1,20.00
TT000523,Completed,2026-05-03 12:19:06,CHK-BLUSH-01,Cream Blush — Petal,1,18.00
TT000523,Completed,2026-05-03 12:19:06,CHK-BRONZ-02,Liquid Bronzer,1,20.00
TT000524,Completed,2026-03-31 05:45:23,CHK-BLUSH-01,Cream Blush — Petal,1,18.00
TT000524,Completed,2026-03-31 05:45:23,CHK-BRONZ-02,Liquid Bronzer,1,20.00
TT000525,Completed,2026-04-10 08:55:30,LIP-OIL-01,Lip Oil — Cherry,1,15.00
TT000526,Completed,2026-02-07 05:50:14,LIP-OIL-01,Lip Oil — Cherry,1,15.00
TT000526,Completed,2026-02-07 05:50:14,LIP-LINER-02,Lip Liner — Nude,1,13.00
TT000527,Completed,2026-03-25 14:41:27,FCE-FOUND-01,Demi Matte Foundation,1,34.00
TT000527,Completed,2026-03-25 14:41:27,FCE-SPRAY-02,Setting Spray — Dewy,2,24.00
TT000528,Completed,2026-02-06 02:27:24,LSH-LINER-02,Magnetic Lash Liner,1,22.00
TT000528,Completed,2026-02-06 02:27:24,LSH-LASH-03,Magnetic Lashes — Wispy,1,26.00
TT000529,Completed,2026-04-14 19:02:42,LSH-MASCARA-01,Volume Mascara — Black,1,18.00
TT000529,Completed,2026-04-14 19:02:42,LIP-LINER-02,Lip Liner — Nude,1,13.00
TT000530,Completed,2026-05-05 04:38:05,SKN-SERUM-01,Glow Serum,1,42.00
TT000530,Completed,2026-05-05 04:38:05,SKN-MINI-02,Mini Glow Drops,1,14.00
TT000531,Completed,2026-04-27 13:27:31,SKN-SERUM-01,Glow Serum,1,42.00
TT000531,Completed,2026-04-27 13:27:31,SKN-MINI-02,Mini Glow Drops,1,14.00
TT000532,Completed,2026-04-26 07:24:39,LSH-LINER-02,Magnetic Lash Liner,1,22.00
TT000532,Completed,2026-04-26 07:24:39,FCE-SPRAY-02,Setting Spray — Dewy,1,24.00
TT000532,Completed,2026-04-26 07:24:39,SKN-SERUM-01,Glow Serum,1,42.00
TT000533,Completed,2026-04-02 11:03:12,LIP-OIL-01,Lip Oil — Cherry,1,15.00
TT000533,Completed,2026-04-02 11:03:12,LIP-LINER-02,Lip Liner — Nude,2,13.00
TT000534,Completed,2026-02-25 03:48:14,CHK-BLUSH-01,Cream Blush — Petal,2,18.00
TT000534,Completed,2026-02-25 03:48:14,CHK-BRONZ-02,Liquid Bronzer,1,20.00
TT000535,Completed,2026-03-15 18:24:29,LIP-OIL-01,Lip Oil — Cherry,1,15.00
TT000536,Completed,2026-02-24 15:20:44,LSH-MASCARA-01,Volume Mascara — Black,1,18.00
TT000536,Completed,2026-02-24 15:20:44,LSH-LINER-02,Magnetic Lash Liner,1,22.00
TT000536,Completed,2026-02-24 15:20:44,FCE-FOUND-01,Demi Matte Foundation,1,34.00
TT000537,Completed,2026-02-16 08:19:41,CHK-BLUSH-01,Cream Blush — Petal,1,18.00
TT000537,Completed,2026-02-16 08:19:41,CHK-BRONZ-02,Liquid Bronzer,1,20.00
TT000538,Completed,2026-03-18 17:03:18,LIP-LINER-02,Lip Liner — Nude,1,13.00
TT000538,Completed,2026-03-18 17:03:18,LIP-OIL-01,Lip Oil — Cherry,1,15.00
TT000538,Completed,2026-03-18 17:03:18,SKN-SERUM-01,Glow Serum,2,42.00
TT000539,Completed,2026-05-02 11:30:50,FCE-FOUND-01,Demi Matte Foundation,2,34.00
TT000539,Completed,2026-05-02 11:30:50,CHK-BLUSH-01,Cream Blush — Petal,1,18.00
TT000540,Completed,2026-04-30 22:56:54,LSH-LINER-02,Magnetic Lash Liner,1,22.00
TT000540,Completed,2026-04-30 22:56:54,CHK-BRONZ-02,Liquid Bronzer,2,20.00
TT000541,Completed,2026-04-03 11:04:52,FCE-FOUND-01,Demi Matte Foundation,1,34.00
TT000542,Completed,2026-03-08 22:45:43,FCE-FOUND-01,Demi Matte Foundation,2,34.00
TT000542,Completed,2026-03-08 22:45:43,FCE-SPRAY-02,Setting Spray — Dewy,1,24.00
TT000543,Completed,2026-03-05 14:52:15,SKN-SERUM-01,Glow Serum,1,42.00
TT000544,Completed,2026-02-24 18:48:23,SKN-SERUM-01,Glow Serum,1,42.00
TT000544,Completed,2026-02-24 18:48:23,FCE-FOUND-01,Demi Matte Foundation,2,34.00
TT000544,Completed,2026-02-24 18:48:23,FCE-CONC-03,Concealer — Light,1,21.00
TT000545,Completed,2026-04-10 17:52:43,LIP-OIL-01,Lip Oil — Cherry,1,15.00
TT000545,Completed,2026-04-10 17:52:43,LIP-LINER-02,Lip Liner — Nude,1,13.00
TT000545,Completed,2026-04-10 17:52:43,FCE-CONC-03,Concealer — Light,1,21.00
TT000546,Completed,2026-02-19 07:44:34,LIP-OIL-01,Lip Oil — Cherry,1,15.00
TT000546,Completed,2026-02-19 07:44:34,LIP-LINER-02,Lip Liner — Nude,1,13.00
TT000547,Completed,2026-02-11 02:19:17,LIP-OIL-01,Lip Oil — Cherry,1,15.00
TT000547,Completed,2026-02-11 02:19:17,FCE-CONC-03,Concealer — Light,1,21.00
TT000547,Completed,2026-02-11 02:19:17,LIP-LINER-02,Lip Liner — Nude,1,13.00
TT000548,Completed,2026-04-07 20:25:18,CHK-BLUSH-01,Cream Blush — Petal,1,18.00
TT000548,Completed,2026-04-07 20:25:18,LIP-LINER-02,Lip Liner — Nude,1,13.00
TT000548,Completed,2026-04-07 20:25:18,CHK-BRONZ-02,Liquid Bronzer,1,20.00
TT000549,Completed,2026-03-30 04:59:25,FCE-FOUND-01,Demi Matte Foundation,2,34.00
TT000549,Completed,2026-03-30 04:59:25,FCE-SPRAY-02,Setting Spray — Dewy,1,24.00
TT000549,Completed,2026-03-30 04:59:25,SKN-MINI-02,Mini Glow Drops,1,14.00
TT000550,Completed,2026-03-28 20:31:05,CHK-BLUSH-01,Cream Blush — Petal,2,18.00
TT000551,Completed,2026-04-11 01:37:55,SKN-SERUM-01,Glow Serum,1,42.00
TT000552,Completed,2026-04-05 02:19:19,LIP-OIL-01,Lip Oil — Cherry,1,15.00
TT000552,Completed,2026-04-05 02:19:19,LIP-LINER-02,Lip Liner — Nude,1,13.00
TT000553,Completed,2026-02-17 20:27:33,LSH-LINER-02,Magnetic Lash Liner,2,22.00
TT000553,Completed,2026-02-17 20:27:33,LSH-LASH-03,Magnetic Lashes — Wispy,1,26.00
TT000553,Completed,2026-02-17 20:27:33,FCE-CONC-03,Concealer — Light,1,21.00
TT000554,Completed,2026-03-01 10:36:50,FCE-FOUND-01,Demi Matte Foundation,1,34.00
TT000554,Completed,2026-03-01 10:36:50,FCE-CONC-03,Concealer — Light,1,21.00
TT000555,Cancelled,2026-04-19 09:35:49,SKN-SERUM-01,Glow Serum,1,42.00
TT000555,Cancelled,2026-04-19 09:35:49,FCE-SPRAY-02,Setting Spray — Dewy,1,24.00
TT000555,Cancelled,2026-04-19 09:35:49,CHK-BRONZ-02,Liquid Bronzer,1,20.00
TT000556,Completed,2026-02-17 07:27:17,CHK-BLUSH-01,Cream Blush — Petal,1,18.00
TT000556,Completed,2026-02-17 07:27:17,CHK-BRONZ-02,Liquid Bronzer,1,20.00
TT000557,Completed,2026-03-06 16:38:26,FCE-FOUND-01,Demi Matte Foundation,1,34.00
TT000557,Completed,2026-03-06 16:38:26,FCE-CONC-03,Concealer — Light,1,21.00
TT000557,Completed,2026-03-06 16:38:26,LIP-LINER-02,Lip Liner — Nude,1,13.00
TT000558,Completed,2026-04-22 23:01:27,FCE-CONC-03,Concealer — Light,1,21.00
TT000559,Completed,2026-05-04 12:14:12,FCE-SPRAY-02,Setting Spray — Dewy,2,24.00
TT000559,Completed,2026-05-04 12:14:12,CHK-BLUSH-01,Cream Blush — Petal,1,18.00
TT000559,Completed,2026-05-04 12:14:12,LIP-LINER-02,Lip Liner — Nude,1,13.00
TT000560,Completed,2026-03-17 22:23:44,FCE-SPRAY-02,Setting Spray — Dewy,1,24.00
TT000560,Completed,2026-03-17 22:23:44,CHK-BLUSH-01,Cream Blush — Petal,1,18.00
TT000560,Completed,2026-03-17 22:23:44,FCE-FOUND-01,Demi Matte Foundation,1,34.00
TT000561,Completed,2026-03-24 04:58:08,FCE-FOUND-01,Demi Matte Foundation,1,34.00
TT000561,Completed,2026-03-24 04:58:08,FCE-CONC-03,Concealer — Light,1,21.00
TT000562,Completed,2026-03-09 15:14:56,LSH-LINER-02,Magnetic Lash Liner,1,22.00
TT000563,Completed,2026-03-27 13:48:27,LSH-LASH-03,Magnetic Lashes — Wispy,1,26.00
TT000564,Completed,2026-04-11 18:50:44,LSH-MASCARA-01,Volume Mascara — Black,1,18.00
TT000564,Completed,2026-04-11 18:50:44,LSH-LINER-02,Magnetic Lash Liner,2,22.00
TT000564,Completed,2026-04-11 18:50:44,FCE-SPRAY-02,Setting Spray — Dewy,1,24.00
TT000565,Completed,2026-03-05 12:10:13,LSH-MASCARA-01,Volume Mascara — Black,2,18.00
TT000565,Completed,2026-03-05 12:10:13,LSH-LINER-02,Magnetic Lash Liner,1,22.00
TT000565,Completed,2026-03-05 12:10:13,SKN-SERUM-01,Glow Serum,1,42.00
TT000566,Completed,2026-02-08 10:47:53,SKN-SERUM-01,Glow Serum,1,42.00
TT000566,Completed,2026-02-08 10:47:53,SKN-MINI-02,Mini Glow Drops,2,14.00
TT000567,Completed,2026-05-01 15:46:35,FCE-CONC-03,Concealer — Light,1,21.00
TT000567,Completed,2026-05-01 15:46:35,LIP-LINER-02,Lip Liner — Nude,1,13.00
TT000567,Completed,2026-05-01 15:46:35,FCE-SPRAY-02,Setting Spray — Dewy,1,24.00
TT000568,Completed,2026-03-22 11:08:39,CHK-BLUSH-01,Cream Blush — Petal,2,18.00
TT000568,Completed,2026-03-22 11:08:39,FCE-CONC-03,Concealer — Light,1,21.00
TT000569,Completed,2026-04-09 10:27:31,LSH-MASCARA-01,Volume Mascara — Black,2,18.00
TT000569,Completed,2026-04-09 10:27:31,LSH-LINER-02,Magnetic Lash Liner,1,22.00
TT000570,Completed,2026-03-15 17:51:50,FCE-FOUND-01,Demi Matte Foundation,1,34.00
TT000570,Completed,2026-03-15 17:51:50,FCE-SPRAY-02,Setting Spray — Dewy,1,24.00
TT000571,Completed,2026-04-28 19:37:49,LIP-OIL-01,Lip Oil — Cherry,1,15.00
TT000571,Completed,2026-04-28 19:37:49,LIP-LINER-02,Lip Liner — Nude,1,13.00
TT000572,Cancelled,2026-03-29 02:33:02,LIP-OIL-01,Lip Oil — Cherry,1,15.00
TT000572,Cancelled,2026-03-29 02:33:02,LIP-LINER-02,Lip Liner — Nude,1,13.00
TT000573,Completed,2026-03-19 15:02:02,LSH-MASCARA-01,Volume Mascara — Black,1,18.00
TT000573,Completed,2026-03-19 15:02:02,SKN-SERUM-01,Glow Serum,1,42.00
TT000574,Completed,2026-02-23 00:37:00,LSH-MASCARA-01,Volume Mascara — Black,1,18.00
TT000574,Completed,2026-02-23 00:37:00,LSH-LINER-02,Magnetic Lash Liner,1,22.00
TT000575,Completed,2026-03-31 17:13:47,LSH-LINER-02,Magnetic Lash Liner,1,22.00
TT000575,Completed,2026-03-31 17:13:47,LSH-LASH-03,Magnetic Lashes — Wispy,1,26.00
TT000576,Completed,2026-04-01 18:05:39,LSH-MASCARA-01,Volume Mascara — Black,1,18.00
TT000576,Completed,2026-04-01 18:05:39,LSH-LINER-02,Magnetic Lash Liner,1,22.00
TT000576,Completed,2026-04-01 18:05:39,LIP-OIL-01,Lip Oil — Cherry,1,15.00
TT000577,Completed,2026-03-11 10:00:09,LIP-LINER-02,Lip Liner — Nude,1,13.00
TT000577,Completed,2026-03-11 10:00:09,FCE-CONC-03,Concealer — Light,2,21.00
TT000578,Completed,2026-04-16 21:35:37,FCE-FOUND-01,Demi Matte Foundation,1,34.00
TT000578,Completed,2026-04-16 21:35:37,FCE-CONC-03,Concealer — Light,1,21.00
TT000578,Completed,2026-04-16 21:35:37,SKN-MINI-02,Mini Glow Drops,1,14.00
TT000579,Completed,2026-03-05 21:40:15,LSH-LINER-02,Magnetic Lash Liner,1,22.00
TT000579,Completed,2026-03-05 21:40:15,LSH-LASH-03,Magnetic Lashes — Wispy,1,26.00
TT000579,Completed,2026-03-05 21:40:15,LIP-OIL-01,Lip Oil — Cherry,1,15.00
TT000580,Completed,2026-04-27 03:13:11,LIP-OIL-01,Lip Oil — Cherry,1,15.00
TT000581,Completed,2026-04-01 09:31:34,LSH-MASCARA-01,Volume Mascara — Black,1,18.00
TT000581,Completed,2026-04-01 09:31:34,LSH-LINER-02,Magnetic Lash Liner,1,22.00
TT000581,Completed,2026-04-01 09:31:34,FCE-SPRAY-02,Setting Spray — Dewy,1,24.00
TT000582,Completed,2026-02-17 07:37:54,LSH-LINER-02,Magnetic Lash Liner,1,22.00
TT000582,Completed,2026-02-17 07:37:54,LSH-LASH-03,Magnetic Lashes — Wispy,1,26.00
TT000583,Completed,2026-03-16 08:28:53,LSH-LINER-02,Magnetic Lash Liner,1,22.00
TT000583,Completed,2026-03-16 08:28:53,SKN-MINI-02,Mini Glow Drops,1,14.00
TT000584,Completed,2026-04-18 08:02:36,FCE-FOUND-01,Demi Matte Foundation,2,34.00
TT000584,Completed,2026-04-18 08:02:36,FCE-SPRAY-02,Setting Spray — Dewy,1,24.00
TT000585,Completed,2026-03-23 12:22:53,CHK-BRONZ-02,Liquid Bronzer,1,20.00
TT000585,Completed,2026-03-23 12:22:53,SKN-MINI-02,Mini Glow Drops,1,14.00
TT000585,Completed,2026-03-23 12:22:53,LSH-MASCARA-01,Volume Mascara — Black,1,18.00
TT000586,Completed,2026-03-14 07:05:31,SKN-MINI-02,Mini Glow Drops,1,14.00
TT000586,Completed,2026-03-14 07:05:31,SKN-SERUM-01,Glow Serum,1,42.00
TT000586,Completed,2026-03-14 07:05:31,LSH-LASH-03,Magnetic Lashes — Wispy,1,26.00
TT000587,Completed,2026-03-29 10:05:02,FCE-FOUND-01,Demi Matte Foundation,1,34.00
TT000587,Completed,2026-03-29 10:05:02,FCE-SPRAY-02,Setting Spray — Dewy,1,24.00
TT000588,Completed,2026-04-24 23:08:20,FCE-FOUND-01,Demi Matte Foundation,1,34.00
TT000588,Completed,2026-04-24 23:08:20,FCE-SPRAY-02,Setting Spray — Dewy,1,24.00
TT000588,Completed,2026-04-24 23:08:20,LSH-MASCARA-01,Volume Mascara — Black,1,18.00
TT000589,Completed,2026-04-17 14:22:18,FCE-FOUND-01,Demi Matte Foundation,1,34.00
TT000589,Completed,2026-04-17 14:22:18,FCE-SPRAY-02,Setting Spray — Dewy,1,24.00
TT000589,Completed,2026-04-17 14:22:18,CHK-BLUSH-01,Cream Blush — Petal,2,18.00
TT000590,Completed,2026-02-26 19:33:02,LSH-MASCARA-01,Volume Mascara — Black,1,18.00
TT000591,Completed,2026-02-10 13:22:54,CHK-BRONZ-02,Liquid Bronzer,1,20.00
TT000592,Completed,2026-04-28 08:13:14,LSH-MASCARA-01,Volume Mascara — Black,1,18.00
TT000592,Completed,2026-04-28 08:13:14,LSH-LINER-02,Magnetic Lash Liner,1,22.00
TT000593,Completed,2026-04-12 21:14:01,LSH-LINER-02,Magnetic Lash Liner,2,22.00
TT000593,Completed,2026-04-12 21:14:01,LIP-LINER-02,Lip Liner — Nude,1,13.00
TT000594,Completed,2026-03-14 16:42:37,LSH-MASCARA-01,Volume Mascara — Black,1,18.00
TT000594,Completed,2026-03-14 16:42:37,LSH-LINER-02,Magnetic Lash Liner,1,22.00
TT000594,Completed,2026-03-14 16:42:37,SKN-MINI-02,Mini Glow Drops,1,14.00
TT000595,Completed,2026-02-17 13:47:45,LIP-OIL-01,Lip Oil — Cherry,1,15.00
TT000595,Completed,2026-02-17 13:47:45,LIP-LINER-02,Lip Liner — Nude,1,13.00
TT000596,Completed,2026-03-30 13:33:26,FCE-FOUND-01,Demi Matte Foundation,1,34.00
TT000596,Completed,2026-03-30 13:33:26,FCE-CONC-03,Concealer — Light,1,21.00
TT000597,Completed,2026-03-30 04:55:51,SKN-SERUM-01,Glow Serum,1,42.00
TT000597,Completed,2026-03-30 04:55:51,SKN-MINI-02,Mini Glow Drops,1,14.00
TT000598,Completed,2026-02-08 10:54:35,CHK-BLUSH-01,Cream Blush — Petal,1,18.00
TT000598,Completed,2026-02-08 10:54:35,CHK-BRONZ-02,Liquid Bronzer,1,20.00
TT000599,Completed,2026-04-07 06:25:52,FCE-FOUND-01,Demi Matte Foundation,2,34.00
TT000599,Completed,2026-04-07 06:25:52,FCE-CONC-03,Concealer — Light,2,21.00
TT000599,Completed,2026-04-07 06:25:52,CHK-BRONZ-02,Liquid Bronzer,2,20.00
TT000600,Completed,2026-02-19 05:12:42,LSH-LINER-02,Magnetic Lash Liner,1,22.00
TT000600,Completed,2026-02-19 05:12:42,LSH-LASH-03,Magnetic Lashes — Wispy,1,26.00
TT000601,Completed,2026-03-15 18:53:14,LIP-OIL-01,Lip Oil — Cherry,1,15.00
TT000602,Completed,2026-03-03 22:08:54,LIP-OIL-01,Lip Oil — Cherry,1,15.00
TT000602,Completed,2026-03-03 22:08:54,LIP-LINER-02,Lip Liner — Nude,1,13.00
TT000603,Completed,2026-02-26 08:35:08,LSH-MASCARA-01,Volume Mascara — Black,1,18.00
TT000603,Completed,2026-02-26 08:35:08,LSH-LINER-02,Magnetic Lash Liner,1,22.00
TT000603,Completed,2026-02-26 08:35:08,FCE-SPRAY-02,Setting Spray — Dewy,1,24.00
TT000604,Completed,2026-02-18 14:56:29,LSH-MASCARA-01,Volume Mascara — Black,1,18.00
TT000604,Completed,2026-02-18 14:56:29,LSH-LINER-02,Magnetic Lash Liner,1,22.00
TT000605,Completed,2026-03-10 15:34:29,FCE-FOUND-01,Demi Matte Foundation,1,34.00
TT000605,Completed,2026-03-10 15:34:29,FCE-SPRAY-02,Setting Spray — Dewy,1,24.00
TT000605,Completed,2026-03-10 15:34:29,CHK-BRONZ-02,Liquid Bronzer,1,20.00
TT000606,Cancelled,2026-02-21 09:46:06,LSH-LASH-03,Magnetic Lashes — Wispy,1,26.00
TT000606,Cancelled,2026-02-21 09:46:06,LSH-MASCARA-01,Volume Mascara — Black,1,18.00
TT000607,Completed,2026-02-18 06:55:10,LIP-OIL-01,Lip Oil — Cherry,1,15.00
TT000607,Completed,2026-02-18 06:55:10,LIP-LINER-02,Lip Liner — Nude,2,13.00
TT000608,Completed,2026-03-23 22:14:58,FCE-FOUND-01,Demi Matte Foundation,1,34.00
TT000609,Completed,2026-04-25 16:08:44,SKN-SERUM-01,Glow Serum,1,42.00
TT000609,Completed,2026-04-25 16:08:44,LSH-MASCARA-01,Volume Mascara — Black,1,18.00
TT000610,Completed,2026-02-07 22:40:14,SKN-SERUM-01,Glow Serum,1,42.00
TT000610,Completed,2026-02-07 22:40:14,SKN-MINI-02,Mini Glow Drops,1,14.00
TT000611,Completed,2026-04-16 05:53:25,FCE-FOUND-01,Demi Matte Foundation,1,34.00
TT000611,Completed,2026-04-16 05:53:25,FCE-SPRAY-02,Setting Spray — Dewy,1,24.00
TT000612,Completed,2026-04-10 23:00:48,SKN-SERUM-01,Glow Serum,2,42.00
TT000612,Completed,2026-04-10 23:00:48,SKN-MINI-02,Mini Glow Drops,1,14.00
TT000613,Completed,2026-02-07 19:54:39,FCE-FOUND-01,Demi Matte Foundation,1,34.00
TT000613,Completed,2026-02-07 19:54:39,FCE-SPRAY-02,Setting Spray — Dewy,1,24.00
TT000613,Completed,2026-02-07 19:54:39,LSH-LASH-03,Magnetic Lashes — Wispy,2,26.00
TT000614,Completed,2026-03-01 15:10:55,SKN-SERUM-01,Glow Serum,1,42.00
TT000614,Completed,2026-03-01 15:10:55,LIP-LINER-02,Lip Liner — Nude,1,13.00
TT000615,Completed,2026-04-02 17:46:48,CHK-BLUSH-01,Cream Blush — Petal,1,18.00
TT000615,Completed,2026-04-02 17:46:48,CHK-BRONZ-02,Liquid Bronzer,1,20.00
TT000616,Completed,2026-02-16 13:18:16,SKN-SERUM-01,Glow Serum,1,42.00
TT000616,Completed,2026-02-16 13:18:16,SKN-MINI-02,Mini Glow Drops,1,14.00
TT000616,Completed,2026-02-16 13:18:16,CHK-BLUSH-01,Cream Blush — Petal,1,18.00
TT000617,Completed,2026-05-04 04:08:14,LSH-LASH-03,Magnetic Lashes — Wispy,1,26.00
TT000617,Completed,2026-05-04 04:08:14,FCE-SPRAY-02,Setting Spray — Dewy,1,24.00
TT000617,Completed,2026-05-04 04:08:14,CHK-BLUSH-01,Cream Blush — Petal,1,18.00
TT000618,Completed,2026-02-12 21:32:42,CHK-BLUSH-01,Cream Blush — Petal,1,18.00
TT000618,Completed,2026-02-12 21:32:42,CHK-BRONZ-02,Liquid Bronzer,1,20.00
TT000619,Completed,2026-03-05 06:14:49,LSH-MASCARA-01,Volume Mascara — Black,2,18.00
TT000619,Completed,2026-03-05 06:14:49,LSH-LINER-02,Magnetic Lash Liner,1,22.00
TT000619,Completed,2026-03-05 06:14:49,CHK-BRONZ-02,Liquid Bronzer,1,20.00
TT000620,Completed,2026-02-08 10:23:29,FCE-CONC-03,Concealer — Light,2,21.00
TT000621,Completed,2026-02-05 23:43:37,LSH-MASCARA-01,Volume Mascara — Black,1,18.00
TT000621,Completed,2026-02-05 23:43:37,LSH-LINER-02,Magnetic Lash Liner,1,22.00
TT000622,Cancelled,2026-03-26 03:50:22,CHK-BLUSH-01,Cream Blush — Petal,1,18.00
TT000622,Cancelled,2026-03-26 03:50:22,CHK-BRONZ-02,Liquid Bronzer,1,20.00
TT000623,Cancelled,2026-04-21 04:17:37,LIP-OIL-01,Lip Oil — Cherry,1,15.00
TT000624,Completed,2026-02-20 19:47:52,CHK-BLUSH-01,Cream Blush — Petal,1,18.00
TT000625,Completed,2026-03-29 08:34:18,SKN-SERUM-01,Glow Serum,1,42.00
TT000625,Completed,2026-03-29 08:34:18,LSH-LASH-03,Magnetic Lashes — Wispy,1,26.00
TT000626,Completed,2026-03-15 03:57:08,SKN-SERUM-01,Glow Serum,1,42.00
TT000626,Completed,2026-03-15 03:57:08,SKN-MINI-02,Mini Glow Drops,1,14.00
TT000626,Completed,2026-03-15 03:57:08,CHK-BLUSH-01,Cream Blush — Petal,1,18.00
TT000627,Completed,2026-04-23 06:24:01,LIP-OIL-01,Lip Oil — Cherry,1,15.00
TT000627,Completed,2026-04-23 06:24:01,SKN-SERUM-01,Glow Serum,1,42.00
TT000628,Completed,2026-03-08 20:34:48,SKN-SERUM-01,Glow Serum,2,42.00
TT000628,Completed,2026-03-08 20:34:48,SKN-MINI-02,Mini Glow Drops,1,14.00
TT000628,Completed,2026-03-08 20:34:48,FCE-CONC-03,Concealer — Light,1,21.00
TT000629,Completed,2026-04-03 18:36:35,CHK-BRONZ-02,Liquid Bronzer,1,20.00
TT000630,Completed,2026-04-03 05:21:08,LIP-LINER-02,Lip Liner — Nude,2,13.00
TT000630,Completed,2026-04-03 05:21:08,SKN-SERUM-01,Glow Serum,1,42.00
TT000631,Completed,2026-04-27 06:57:10,FCE-FOUND-01,Demi Matte Foundation,1,34.00
TT000631,Completed,2026-04-27 06:57:10,LSH-LINER-02,Magnetic Lash Liner,1,22.00
TT000631,Completed,2026-04-27 06:57:10,LSH-MASCARA-01,Volume Mascara — Black,1,18.00
TT000632,Completed,2026-04-14 08:39:51,LIP-LINER-02,Lip Liner — Nude,1,13.00
TT000633,Completed,2026-02-26 14:38:04,CHK-BRONZ-02,Liquid Bronzer,1,20.00
TT000633,Completed,2026-02-26 14:38:04,FCE-SPRAY-02,Setting Spray — Dewy,1,24.00
TT000633,Completed,2026-02-26 14:38:04,FCE-CONC-03,Concealer — Light,1,21.00
TT000634,Completed,2026-02-25 20:37:02,LIP-OIL-01,Lip Oil — Cherry,1,15.00
TT000634,Completed,2026-02-25 20:37:02,LIP-LINER-02,Lip Liner — Nude,1,13.00
TT000635,Completed,2026-04-17 21:51:05,LSH-LASH-03,Magnetic Lashes — Wispy,1,26.00
TT000635,Completed,2026-04-17 21:51:05,FCE-FOUND-01,Demi Matte Foundation,1,34.00
TT000635,Completed,2026-04-17 21:51:05,LSH-LINER-02,Magnetic Lash Liner,1,22.00
TT000636,Completed,2026-03-24 13:48:40,SKN-MINI-02,Mini Glow Drops,1,14.00
TT000636,Completed,2026-03-24 13:48:40,LSH-MASCARA-01,Volume Mascara — Black,1,18.00
TT000637,Completed,2026-04-04 21:59:52,CHK-BLUSH-01,Cream Blush — Petal,1,18.00
TT000637,Completed,2026-04-04 21:59:52,CHK-BRONZ-02,Liquid Bronzer,1,20.00
TT000638,Completed,2026-03-19 06:30:56,LIP-LINER-02,Lip Liner — Nude,1,13.00
TT000638,Completed,2026-03-19 06:30:56,LIP-OIL-01,Lip Oil — Cherry,1,15.00
TT000638,Completed,2026-03-19 06:30:56,FCE-CONC-03,Concealer — Light,1,21.00
TT000639,Completed,2026-04-18 02:47:13,SKN-SERUM-01,Glow Serum,1,42.00
TT000639,Completed,2026-04-18 02:47:13,SKN-MINI-02,Mini Glow Drops,1,14.00
TT000639,Completed,2026-04-18 02:47:13,LSH-LASH-03,Magnetic Lashes — Wispy,1,26.00
TT000640,Completed,2026-02-24 09:22:39,LSH-LINER-02,Magnetic Lash Liner,2,22.00
TT000640,Completed,2026-02-24 09:22:39,LSH-LASH-03,Magnetic Lashes — Wispy,1,26.00
TT000640,Completed,2026-02-24 09:22:39,LIP-OIL-01,Lip Oil — Cherry,1,15.00
TT000641,Completed,2026-04-12 21:27:58,FCE-CONC-03,Concealer — Light,1,21.00
TT000641,Completed,2026-04-12 21:27:58,FCE-SPRAY-02,Setting Spray — Dewy,2,24.00
TT000642,Completed,2026-02-09 21:51:57,SKN-SERUM-01,Glow Serum,1,42.00
TT000642,Completed,2026-02-09 21:51:57,SKN-MINI-02,Mini Glow Drops,1,14.00
TT000643,Completed,2026-04-26 13:40:50,CHK-BLUSH-01,Cream Blush — Petal,1,18.00
TT000643,Completed,2026-04-26 13:40:50,CHK-BRONZ-02,Liquid Bronzer,2,20.00
TT000644,Completed,2026-03-26 02:33:02,CHK-BLUSH-01,Cream Blush — Petal,1,18.00
TT000644,Completed,2026-03-26 02:33:02,CHK-BRONZ-02,Liquid Bronzer,1,20.00
TT000645,Completed,2026-03-25 06:45:47,LSH-LASH-03,Magnetic Lashes — Wispy,2,26.00
TT000645,Completed,2026-03-25 06:45:47,SKN-SERUM-01,Glow Serum,1,42.00
TT000646,Completed,2026-03-09 21:41:01,LIP-OIL-01,Lip Oil — Cherry,1,15.00
TT000646,Completed,2026-03-09 21:41:01,FCE-SPRAY-02,Setting Spray — Dewy,1,24.00
TT000647,Completed,2026-02-28 00:04:41,LSH-MASCARA-01,Volume Mascara — Black,1,18.00
TT000647,Completed,2026-02-28 00:04:41,LSH-LINER-02,Magnetic Lash Liner,1,22.00
TT000648,Completed,2026-03-13 00:06:18,LSH-LINER-02,Magnetic Lash Liner,1,22.00
TT000648,Completed,2026-03-13 00:06:18,LSH-LASH-03,Magnetic Lashes — Wispy,1,26.00
TT000649,Completed,2026-04-21 20:26:11,CHK-BLUSH-01,Cream Blush — Petal,1,18.00
TT000649,Completed,2026-04-21 20:26:11,CHK-BRONZ-02,Liquid Bronzer,2,20.00
TT000650,Completed,2026-03-18 13:17:38,SKN-MINI-02,Mini Glow Drops,2,14.00
TT000651,Completed,2026-02-27 02:57:33,LIP-OIL-01,Lip Oil — Cherry,1,15.00
TT000651,Completed,2026-02-27 02:57:33,LIP-LINER-02,Lip Liner — Nude,1,13.00
TT000652,Completed,2026-05-03 11:00:28,LSH-MASCARA-01,Volume Mascara — Black,1,18.00
TT000652,Completed,2026-05-03 11:00:28,LSH-LINER-02,Magnetic Lash Liner,1,22.00
TT000653,Completed,2026-04-27 04:42:38,LIP-OIL-01,Lip Oil — Cherry,1,15.00
TT000653,Completed,2026-04-27 04:42:38,LIP-LINER-02,Lip Liner — Nude,1,13.00
TT000653,Completed,2026-04-27 04:42:38,LSH-LINER-02,Magnetic Lash Liner,1,22.00
TT000654,Completed,2026-02-05 22:56:21,CHK-BLUSH-01,Cream Blush — Petal,1,18.00
TT000655,Completed,2026-04-03 10:38:46,FCE-FOUND-01,Demi Matte Foundation,1,34.00
TT000655,Completed,2026-04-03 10:38:46,FCE-SPRAY-02,Setting Spray — Dewy,1,24.00
TT000656,Completed,2026-02-22 15:55:50,CHK-BLUSH-01,Cream Blush — Petal,1,18.00
TT000656,Completed,2026-02-22 15:55:50,SKN-MINI-02,Mini Glow Drops,2,14.00
TT000656,Completed,2026-02-22 15:55:50,FCE-FOUND-01,Demi Matte Foundation,1,34.00
TT000657,Completed,2026-02-10 02:54:54,CHK-BLUSH-01,Cream Blush — Petal,1,18.00
TT000657,Completed,2026-02-10 02:54:54,FCE-FOUND-01,Demi Matte Foundation,1,34.00
TT000657,Completed,2026-02-10 02:54:54,LIP-LINER-02,Lip Liner — Nude,1,13.00
TT000658,Completed,2026-04-04 01:00:25,LSH-MASCARA-01,Volume Mascara — Black,1,18.00
TT000658,Completed,2026-04-04 01:00:25,LSH-LINER-02,Magnetic Lash Liner,1,22.00
TT000658,Completed,2026-04-04 01:00:25,FCE-SPRAY-02,Setting Spray — Dewy,1,24.00
TT000659,Completed,2026-04-26 23:59:07,SKN-MINI-02,Mini Glow Drops,1,14.00
TT000659,Completed,2026-04-26 23:59:07,LIP-OIL-01,Lip Oil — Cherry,1,15.00
TT000660,Completed,2026-04-15 22:23:26,SKN-MINI-02,Mini Glow Drops,1,14.00
TT000661,Completed,2026-03-08 18:58:55,FCE-FOUND-01,Demi Matte Foundation,1,34.00
TT000661,Completed,2026-03-08 18:58:55,FCE-SPRAY-02,Setting Spray — Dewy,1,24.00
TT000662,Completed,2026-02-15 15:10:51,CHK-BLUSH-01,Cream Blush — Petal,1,18.00
TT000662,Completed,2026-02-15 15:10:51,CHK-BRONZ-02,Liquid Bronzer,1,20.00
TT000663,Completed,2026-04-01 17:26:22,FCE-SPRAY-02,Setting Spray — Dewy,1,24.00
TT000664,Completed,2026-03-08 00:38:36,LIP-OIL-01,Lip Oil — Cherry,1,15.00
TT000664,Completed,2026-03-08 00:38:36,LIP-LINER-02,Lip Liner — Nude,1,13.00
TT000665,Completed,2026-04-26 07:07:59,SKN-SERUM-01,Glow Serum,2,42.00
TT000665,Completed,2026-04-26 07:07:59,SKN-MINI-02,Mini Glow Drops,1,14.00
TT000666,Completed,2026-04-03 22:44:05,CHK-BLUSH-01,Cream Blush — Petal,1,18.00
TT000667,Completed,2026-04-26 17:19:55,LSH-LINER-02,Magnetic Lash Liner,1,22.00
TT000667,Completed,2026-04-26 17:19:55,LSH-LASH-03,Magnetic Lashes — Wispy,1,26.00
TT000667,Completed,2026-04-26 17:19:55,CHK-BLUSH-01,Cream Blush — Petal,2,18.00
TT000668,Completed,2026-02-18 06:20:52,CHK-BRONZ-02,Liquid Bronzer,1,20.00
TT000669,Completed,2026-04-19 16:30:02,FCE-FOUND-01,Demi Matte Foundation,1,34.00
TT000669,Completed,2026-04-19 16:30:02,FCE-CONC-03,Concealer — Light,1,21.00
TT000670,Completed,2026-03-03 12:27:01,SKN-SERUM-01,Glow Serum,1,42.00
TT000670,Completed,2026-03-03 12:27:01,SKN-MINI-02,Mini Glow Drops,1,14.00
TT000671,Cancelled,2026-03-01 21:43:00,FCE-FOUND-01,Demi Matte Foundation,1,34.00
TT000671,Cancelled,2026-03-01 21:43:00,CHK-BRONZ-02,Liquid Bronzer,1,20.00
TT000671,Cancelled,2026-03-01 21:43:00,SKN-SERUM-01,Glow Serum,1,42.00
TT000672,Completed,2026-04-28 06:59:26,CHK-BRONZ-02,Liquid Bronzer,1,20.00
TT000672,Completed,2026-04-28 06:59:26,LSH-LINER-02,Magnetic Lash Liner,1,22.00
TT000673,Completed,2026-04-06 04:19:40,FCE-FOUND-01,Demi Matte Foundation,1,34.00
TT000673,Completed,2026-04-06 04:19:40,FCE-SPRAY-02,Setting Spray — Dewy,1,24.00
TT000674,Completed,2026-03-23 01:46:26,FCE-CONC-03,Concealer — Light,1,21.00
TT000675,Completed,2026-04-08 02:51:55,SKN-MINI-02,Mini Glow Drops,1,14.00
TT000675,Completed,2026-04-08 02:51:55,LSH-LASH-03,Magnetic Lashes — Wispy,1,26.00
TT000676,Completed,2026-02-12 06:48:10,FCE-FOUND-01,Demi Matte Foundation,2,34.00
TT000676,Completed,2026-02-12 06:48:10,FCE-SPRAY-02,Setting Spray — Dewy,2,24.00
TT000677,Completed,2026-02-28 23:54:36,FCE-FOUND-01,Demi Matte Foundation,1,34.00
TT000677,Completed,2026-02-28 23:54:36,FCE-SPRAY-02,Setting Spray — Dewy,1,24.00
TT000678,Completed,2026-04-25 05:12:42,LSH-MASCARA-01,Volume Mascara — Black,1,18.00
TT000678,Completed,2026-04-25 05:12:42,LSH-LINER-02,Magnetic Lash Liner,1,22.00
TT000678,Completed,2026-04-25 05:12:42,FCE-SPRAY-02,Setting Spray — Dewy,1,24.00
TT000678,Completed,2026-04-25 05:12:42,FCE-CONC-03,Concealer — Light,1,21.00
TT000679,Completed,2026-03-02 00:02:47,CHK-BLUSH-01,Cream Blush — Petal,1,18.00
TT000679,Completed,2026-03-02 00:02:47,CHK-BRONZ-02,Liquid Bronzer,1,20.00
TT000680,Cancelled,2026-02-13 11:28:22,FCE-FOUND-01,Demi Matte Foundation,1,34.00
TT000680,Cancelled,2026-02-13 11:28:22,FCE-CONC-03,Concealer — Light,1,21.00
TT000681,Completed,2026-04-30 22:41:37,SKN-SERUM-01,Glow Serum,1,42.00
TT000681,Completed,2026-04-30 22:41:37,SKN-MINI-02,Mini Glow Drops,1,14.00
TT000682,Completed,2026-03-19 03:04:41,CHK-BLUSH-01,Cream Blush — Petal,1,18.00
TT000682,Completed,2026-03-19 03:04:41,CHK-BRONZ-02,Liquid Bronzer,1,20.00
TT000683,Completed,2026-03-09 12:58:21,LIP-LINER-02,Lip Liner — Nude,2,13.00
TT000683,Completed,2026-03-09 12:58:21,FCE-SPRAY-02,Setting Spray — Dewy,1,24.00
TT000683,Completed,2026-03-09 12:58:21,CHK-BRONZ-02,Liquid Bronzer,1,20.00
TT000684,Completed,2026-02-07 18:45:14,LSH-MASCARA-01,Volume Mascara — Black,1,18.00
TT000684,Completed,2026-02-07 18:45:14,LSH-LINER-02,Magnetic Lash Liner,1,22.00
TT000685,Completed,2026-02-19 08:06:40,LSH-MASCARA-01,Volume Mascara — Black,1,18.00
TT000685,Completed,2026-02-19 08:06:40,LSH-LINER-02,Magnetic Lash Liner,1,22.00
TT000686,Completed,2026-03-18 11:06:31,LIP-OIL-01,Lip Oil — Cherry,1,15.00
TT000686,Completed,2026-03-18 11:06:31,LIP-LINER-02,Lip Liner — Nude,1,13.00
TT000687,Completed,2026-03-25 18:47:32,SKN-MINI-02,Mini Glow Drops,1,14.00
TT000688,Completed,2026-05-01 20:29:45,LIP-LINER-02,Lip Liner — Nude,1,13.00
TT000689,Completed,2026-02-17 08:41:27,FCE-FOUND-01,Demi Matte Foundation,1,34.00
TT000689,Completed,2026-02-17 08:41:27,FCE-CONC-03,Concealer — Light,2,21.00
TT000690,Completed,2026-03-22 12:22:42,LSH-LINER-02,Magnetic Lash Liner,1,22.00
TT000690,Completed,2026-03-22 12:22:42,FCE-CONC-03,Concealer — Light,1,21.00
TT000691,Completed,2026-03-31 01:36:12,LIP-OIL-01,Lip Oil — Cherry,2,15.00
TT000691,Completed,2026-03-31 01:36:12,LIP-LINER-02,Lip Liner — Nude,1,13.00
TT000692,Completed,2026-02-23 02:17:45,SKN-SERUM-01,Glow Serum,1,42.00
TT000692,Completed,2026-02-23 02:17:45,SKN-MINI-02,Mini Glow Drops,1,14.00
TT000693,Completed,2026-03-13 11:43:28,LIP-OIL-01,Lip Oil — Cherry,1,15.00
TT000693,Completed,2026-03-13 11:43:28,LIP-LINER-02,Lip Liner — Nude,1,13.00
TT000694,Completed,2026-04-16 08:00:18,SKN-SERUM-01,Glow Serum,1,42.00
TT000694,Completed,2026-04-16 08:00:18,SKN-MINI-02,Mini Glow Drops,1,14.00
TT000695,Completed,2026-03-06 06:49:33,LSH-MASCARA-01,Volume Mascara — Black,1,18.00
TT000695,Completed,2026-03-06 06:49:33,LSH-LINER-02,Magnetic Lash Liner,1,22.00
TT000696,Completed,2026-04-29 08:45:52,LSH-LINER-02,Magnetic Lash Liner,1,22.00
TT000696,Completed,2026-04-29 08:45:52,CHK-BRONZ-02,Liquid Bronzer,1,20.00
TT000697,Completed,2026-04-19 15:09:48,SKN-SERUM-01,Glow Serum,1,42.00
TT000697,Completed,2026-04-19 15:09:48,SKN-MINI-02,Mini Glow Drops,1,14.00
TT000698,Completed,2026-03-31 21:30:56,LSH-MASCARA-01,Volume Mascara — Black,1,18.00
TT000698,Completed,2026-03-31 21:30:56,LSH-LINER-02,Magnetic Lash Liner,1,22.00
TT000698,Completed,2026-03-31 21:30:56,SKN-MINI-02,Mini Glow Drops,1,14.00
TT000699,Completed,2026-02-11 12:01:39,SKN-SERUM-01,Glow Serum,1,42.00
TT000699,Completed,2026-02-11 12:01:39,SKN-MINI-02,Mini Glow Drops,1,14.00
TT000700,Completed,2026-04-07 10:46:41,FCE-CONC-03,Concealer — Light,1,21.00
TT000700,Completed,2026-04-07 10:46:41,CHK-BRONZ-02,Liquid Bronzer,1,20.00
TT000700,Completed,2026-04-07 10:46:41,LIP-LINER-02,Lip Liner — Nude,1,13.00
TT000701,Completed,2026-04-23 11:36:04,CHK-BLUSH-01,Cream Blush — Petal,1,18.00
TT000701,Completed,2026-04-23 11:36:04,CHK-BRONZ-02,Liquid Bronzer,1,20.00
TT000701,Completed,2026-04-23 11:36:04,FCE-CONC-03,Concealer — Light,1,21.00
TT000702,Completed,2026-04-21 17:17:12,FCE-FOUND-01,Demi Matte Foundation,1,34.00
TT000702,Completed,2026-04-21 17:17:12,FCE-SPRAY-02,Setting Spray — Dewy,1,24.00
TT000703,Completed,2026-04-12 20:14:00,LIP-OIL-01,Lip Oil — Cherry,1,15.00
TT000703,Completed,2026-04-12 20:14:00,LIP-LINER-02,Lip Liner — Nude,1,13.00
TT000704,Completed,2026-03-30 13:06:12,CHK-BRONZ-02,Liquid Bronzer,2,20.00
TT000705,Completed,2026-02-13 08:31:22,LSH-LINER-02,Magnetic Lash Liner,1,22.00
TT000705,Completed,2026-02-13 08:31:22,LIP-OIL-01,Lip Oil — Cherry,1,15.00
TT000706,Completed,2026-02-19 17:26:02,SKN-SERUM-01,Glow Serum,1,42.00
TT000706,Completed,2026-02-19 17:26:02,SKN-MINI-02,Mini Glow Drops,1,14.00
TT000707,Completed,2026-04-08 02:42:02,FCE-FOUND-01,Demi Matte Foundation,2,34.00
TT000707,Completed,2026-04-08 02:42:02,FCE-SPRAY-02,Setting Spray — Dewy,1,24.00
TT000708,Completed,2026-04-20 05:05:19,LSH-LINER-02,Magnetic Lash Liner,1,22.00
TT000708,Completed,2026-04-20 05:05:19,LSH-LASH-03,Magnetic Lashes — Wispy,1,26.00
TT000709,Completed,2026-02-28 05:01:36,CHK-BLUSH-01,Cream Blush — Petal,1,18.00
TT000709,Completed,2026-02-28 05:01:36,CHK-BRONZ-02,Liquid Bronzer,1,20.00
TT000710,Completed,2026-04-22 06:19:03,SKN-SERUM-01,Glow Serum,1,42.00
TT000710,Completed,2026-04-22 06:19:03,SKN-MINI-02,Mini Glow Drops,1,14.00
TT000711,Completed,2026-04-18 19:26:58,LSH-MASCARA-01,Volume Mascara — Black,1,18.00
TT000711,Completed,2026-04-18 19:26:58,LSH-LINER-02,Magnetic Lash Liner,1,22.00
TT000711,Completed,2026-04-18 19:26:58,FCE-SPRAY-02,Setting Spray — Dewy,1,24.00
TT000712,Completed,2026-04-28 06:12:02,FCE-FOUND-01,Demi Matte Foundation,1,34.00
TT000712,Completed,2026-04-28 06:12:02,FCE-SPRAY-02,Setting Spray — Dewy,1,24.00
TT000713,Cancelled,2026-03-23 05:26:04,SKN-SERUM-01,Glow Serum,2,42.00
TT000714,Completed,2026-03-06 05:47:40,CHK-BLUSH-01,Cream Blush — Petal,1,18.00
TT000714,Completed,2026-03-06 05:47:40,CHK-BRONZ-02,Liquid Bronzer,1,20.00
TT000714,Completed,2026-03-06 05:47:40,LSH-MASCARA-01,Volume Mascara — Black,2,18.00
TT000715,Completed,2026-03-05 21:31:02,FCE-FOUND-01,Demi Matte Foundation,1,34.00
TT000715,Completed,2026-03-05 21:31:02,LIP-OIL-01,Lip Oil — Cherry,2,15.00
TT000716,Completed,2026-02-25 07:48:21,CHK-BLUSH-01,Cream Blush — Petal,1,18.00
TT000716,Completed,2026-02-25 07:48:21,CHK-BRONZ-02,Liquid Bronzer,1,20.00
TT000717,Completed,2026-03-14 15:18:49,LIP-OIL-01,Lip Oil — Cherry,1,15.00
TT000717,Completed,2026-03-14 15:18:49,FCE-CONC-03,Concealer — Light,2,21.00
TT000718,Completed,2026-03-31 06:52:59,FCE-FOUND-01,Demi Matte Foundation,1,34.00
TT000719,Completed,2026-03-20 23:49:17,LIP-OIL-01,Lip Oil — Cherry,1,15.00
TT000719,Completed,2026-03-20 23:49:17,LIP-LINER-02,Lip Liner — Nude,1,13.00
TT000720,Completed,2026-03-22 20:23:45,FCE-FOUND-01,Demi Matte Foundation,1,34.00
TT000720,Completed,2026-03-22 20:23:45,FCE-SPRAY-02,Setting Spray — Dewy,1,24.00
TT000720,Completed,2026-03-22 20:23:45,LSH-LINER-02,Magnetic Lash Liner,1,22.00
TT000721,Completed,2026-04-27 17:48:20,CHK-BRONZ-02,Liquid Bronzer,1,20.00
TT000722,Completed,2026-02-28 13:03:04,LIP-OIL-01,Lip Oil — Cherry,2,15.00
TT000722,Completed,2026-02-28 13:03:04,LIP-LINER-02,Lip Liner — Nude,1,13.00
TT000723,Completed,2026-02-23 14:07:16,LIP-LINER-02,Lip Liner — Nude,1,13.00
TT000723,Completed,2026-02-23 14:07:16,LIP-OIL-01,Lip Oil — Cherry,1,15.00
TT000723,Completed,2026-02-23 14:07:16,SKN-MINI-02,Mini Glow Drops,1,14.00
TT000724,Completed,2026-02-09 11:40:26,FCE-FOUND-01,Demi Matte Foundation,1,34.00
TT000724,Completed,2026-02-09 11:40:26,FCE-SPRAY-02,Setting Spray — Dewy,1,24.00
TT000725,Completed,2026-02-06 13:42:01,LSH-LINER-02,Magnetic Lash Liner,1,22.00
TT000726,Completed,2026-02-17 18:09:22,SKN-SERUM-01,Glow Serum,1,42.00
TT000726,Completed,2026-02-17 18:09:22,SKN-MINI-02,Mini Glow Drops,1,14.00
TT000727,Completed,2026-04-23 18:09:29,LIP-OIL-01,Lip Oil — Cherry,1,15.00
TT000727,Completed,2026-04-23 18:09:29,LIP-LINER-02,Lip Liner — Nude,1,13.00
TT000728,Completed,2026-03-28 23:19:17,CHK-BLUSH-01,Cream Blush — Petal,1,18.00
TT000728,Completed,2026-03-28 23:19:17,CHK-BRONZ-02,Liquid Bronzer,1,20.00
TT000729,Completed,2026-04-13 11:41:54,LSH-LINER-02,Magnetic Lash Liner,1,22.00
TT000729,Completed,2026-04-13 11:41:54,LSH-LASH-03,Magnetic Lashes — Wispy,1,26.00
TT000729,Completed,2026-04-13 11:41:54,LIP-OIL-01,Lip Oil — Cherry,1,15.00
TT000730,Completed,2026-03-29 14:15:07,FCE-FOUND-01,Demi Matte Foundation,1,34.00
TT000730,Completed,2026-03-29 14:15:07,FCE-CONC-03,Concealer — Light,1,21.00
TT000731,Completed,2026-04-14 16:10:29,LSH-MASCARA-01,Volume Mascara — Black,1,18.00
TT000731,Completed,2026-04-14 16:10:29,LSH-LINER-02,Magnetic Lash Liner,2,22.00
TT000732,Completed,2026-04-08 16:08:49,FCE-FOUND-01,Demi Matte Foundation,1,34.00
TT000732,Completed,2026-04-08 16:08:49,LSH-MASCARA-01,Volume Mascara — Black,1,18.00
TT000733,Completed,2026-02-07 21:06:24,LSH-MASCARA-01,Volume Mascara — Black,2,18.00
TT000733,Completed,2026-02-07 21:06:24,LSH-LINER-02,Magnetic Lash Liner,1,22.00
TT000733,Completed,2026-02-07 21:06:24,LIP-LINER-02,Lip Liner — Nude,1,13.00
TT000734,Completed,2026-04-20 08:00:14,LSH-MASCARA-01,Volume Mascara — Black,1,18.00
TT000734,Completed,2026-04-20 08:00:14,LSH-LINER-02,Magnetic Lash Liner,1,22.00
TT000734,Completed,2026-04-20 08:00:14,FCE-SPRAY-02,Setting Spray — Dewy,1,24.00
TT000735,Completed,2026-02-10 23:32:07,LIP-OIL-01,Lip Oil — Cherry,1,15.00
TT000735,Completed,2026-02-10 23:32:07,LIP-LINER-02,Lip Liner — Nude,1,13.00
TT000736,Completed,2026-04-01 16:38:12,LSH-MASCARA-01,Volume Mascara — Black,1,18.00
TT000736,Completed,2026-04-01 16:38:12,LSH-LINER-02,Magnetic Lash Liner,1,22.00
TT000736,Completed,2026-04-01 16:38:12,LIP-OIL-01,Lip Oil — Cherry,1,15.00
TT000737,Completed,2026-04-16 06:50:07,SKN-SERUM-01,Glow Serum,1,42.00
TT000737,Completed,2026-04-16 06:50:07,SKN-MINI-02,Mini Glow Drops,1,14.00
TT000738,Cancelled,2026-03-23 20:18:59,LSH-LINER-02,Magnetic Lash Liner,1,22.00
TT000738,Cancelled,2026-03-23 20:18:59,LSH-LASH-03,Magnetic Lashes — Wispy,2,26.00
TT000738,Cancelled,2026-03-23 20:18:59,LIP-LINER-02,Lip Liner — Nude,1,13.00
TT000739,Completed,2026-04-01 12:33:04,LSH-LASH-03,Magnetic Lashes — Wispy,1,26.00
TT000739,Completed,2026-04-01 12:33:04,SKN-SERUM-01,Glow Serum,1,42.00
TT000740,Completed,2026-03-01 19:11:08,FCE-FOUND-01,Demi Matte Foundation,1,34.00
TT000740,Completed,2026-03-01 19:11:08,FCE-CONC-03,Concealer — Light,2,21.00
TT000741,Completed,2026-04-17 12:45:00,SKN-SERUM-01,Glow Serum,1,42.00
TT000741,Completed,2026-04-17 12:45:00,LSH-LINER-02,Magnetic Lash Liner,2,22.00
TT000741,Completed,2026-04-17 12:45:00,CHK-BRONZ-02,Liquid Bronzer,1,20.00
TT000742,Completed,2026-03-21 22:44:28,LSH-MASCARA-01,Volume Mascara — Black,1,18.00
TT000743,Completed,2026-04-14 00:33:49,CHK-BLUSH-01,Cream Blush — Petal,1,18.00
TT000743,Completed,2026-04-14 00:33:49,CHK-BRONZ-02,Liquid Bronzer,1,20.00
TT000743,Completed,2026-04-14 00:33:49,LIP-LINER-02,Lip Liner — Nude,1,13.00
TT000744,Completed,2026-03-09 10:13:35,FCE-FOUND-01,Demi Matte Foundation,1,34.00
TT000744,Completed,2026-03-09 10:13:35,FCE-CONC-03,Concealer — Light,2,21.00
TT000745,Completed,2026-04-07 08:38:15,SKN-MINI-02,Mini Glow Drops,1,14.00
TT000746,Completed,2026-03-11 04:47:43,LIP-OIL-01,Lip Oil — Cherry,1,15.00
TT000746,Completed,2026-03-11 04:47:43,LIP-LINER-02,Lip Liner — Nude,1,13.00
TT000747,Completed,2026-04-30 00:33:56,CHK-BLUSH-01,Cream Blush — Petal,1,18.00
TT000747,Completed,2026-04-30 00:33:56,CHK-BRONZ-02,Liquid Bronzer,1,20.00
TT000748,Completed,2026-04-11 02:52:59,LSH-MASCARA-01,Volume Mascara — Black,1,18.00
TT000748,Completed,2026-04-11 02:52:59,LSH-LINER-02,Magnetic Lash Liner,1,22.00
TT000748,Completed,2026-04-11 02:52:59,LIP-LINER-02,Lip Liner — Nude,1,13.00
TT000749,Completed,2026-03-13 02:20:53,LSH-MASCARA-01,Volume Mascara — Black,1,18.00
TT000749,Completed,2026-03-13 02:20:53,LSH-LINER-02,Magnetic Lash Liner,1,22.00
TT000750,Completed,2026-03-28 18:25:26,SKN-SERUM-01,Glow Serum,1,42.00
TT000750,Completed,2026-03-28 18:25:26,SKN-MINI-02,Mini Glow Drops,1,14.00
TT000751,Completed,2026-03-24 11:16:31,LIP-OIL-01,Lip Oil — Cherry,1,15.00
TT000751,Completed,2026-03-24 11:16:31,LIP-LINER-02,Lip Liner — Nude,1,13.00
TT000752,Completed,2026-03-20 06:52:38,SKN-SERUM-01,Glow Serum,1,42.00
TT000752,Completed,2026-03-20 06:52:38,LSH-LINER-02,Magnetic Lash Liner,2,22.00
TT000752,Completed,2026-03-20 06:52:38,LIP-LINER-02,Lip Liner — Nude,1,13.00
TT000753,Completed,2026-03-29 05:24:09,LSH-MASCARA-01,Volume Mascara — Black,2,18.00
TT000753,Completed,2026-03-29 05:24:09,LSH-LINER-02,Magnetic Lash Liner,1,22.00
TT000754,Cancelled,2026-04-13 08:30:03,LSH-MASCARA-01,Volume Mascara — Black,1,18.00
TT000754,Cancelled,2026-04-13 08:30:03,LSH-LINER-02,Magnetic Lash Liner,1,22.00
TT000754,Cancelled,2026-04-13 08:30:03,FCE-SPRAY-02,Setting Spray — Dewy,2,24.00
TT000755,Completed,2026-04-08 18:19:31,FCE-FOUND-01,Demi Matte Foundation,1,34.00
TT000755,Completed,2026-04-08 18:19:31,FCE-SPRAY-02,Setting Spray — Dewy,1,24.00
TT000755,Completed,2026-04-08 18:19:31,LSH-MASCARA-01,Volume Mascara — Black,1,18.00
TT000756,Completed,2026-03-14 14:51:56,CHK-BLUSH-01,Cream Blush — Petal,1,18.00
TT000756,Completed,2026-03-14 14:51:56,CHK-BRONZ-02,Liquid Bronzer,1,20.00
TT000757,Completed,2026-04-18 14:11:21,FCE-FOUND-01,Demi Matte Foundation,1,34.00
TT000757,Completed,2026-04-18 14:11:21,FCE-CONC-03,Concealer — Light,1,21.00
TT000758,Completed,2026-02-23 16:33:23,SKN-SERUM-01,Glow Serum,1,42.00
TT000758,Completed,2026-02-23 16:33:23,FCE-SPRAY-02,Setting Spray — Dewy,1,24.00
TT000758,Completed,2026-02-23 16:33:23,FCE-CONC-03,Concealer — Light,1,21.00
TT000759,Completed,2026-04-23 09:15:52,SKN-SERUM-01,Glow Serum,2,42.00
TT000759,Completed,2026-04-23 09:15:52,SKN-MINI-02,Mini Glow Drops,1,14.00
TT000760,Completed,2026-04-02 03:21:25,CHK-BLUSH-01,Cream Blush — Petal,1,18.00
TT000760,Completed,2026-04-02 03:21:25,CHK-BRONZ-02,Liquid Bronzer,1,20.00
TT000761,Completed,2026-04-23 13:08:22,CHK-BLUSH-01,Cream Blush — Petal,1,18.00
TT000761,Completed,2026-04-23 13:08:22,CHK-BRONZ-02,Liquid Bronzer,1,20.00
TT000762,Completed,2026-03-31 07:32:14,LSH-MASCARA-01,Volume Mascara — Black,1,18.00
TT000762,Completed,2026-03-31 07:32:14,LSH-LINER-02,Magnetic Lash Liner,1,22.00
TT000763,Completed,2026-03-08 14:37:57,LSH-LASH-03,Magnetic Lashes — Wispy,1,26.00
TT000764,Completed,2026-02-21 08:28:40,LIP-OIL-01,Lip Oil — Cherry,1,15.00
TT000764,Completed,2026-02-21 08:28:40,LIP-LINER-02,Lip Liner — Nude,1,13.00
TT000765,Completed,2026-03-11 13:32:51,CHK-BLUSH-01,Cream Blush — Petal,1,18.00
TT000765,Completed,2026-03-11 13:32:51,CHK-BRONZ-02,Liquid Bronzer,1,20.00
TT000766,Completed,2026-03-06 09:04:16,FCE-FOUND-01,Demi Matte Foundation,1,34.00
TT000766,Completed,2026-03-06 09:04:16,FCE-SPRAY-02,Setting Spray — Dewy,1,24.00
TT000766,Completed,2026-03-06 09:04:16,SKN-MINI-02,Mini Glow Drops,1,14.00
TT000767,Cancelled,2026-02-10 19:46:59,LIP-OIL-01,Lip Oil — Cherry,1,15.00
TT000767,Cancelled,2026-02-10 19:46:59,LIP-LINER-02,Lip Liner — Nude,1,13.00
TT000768,Completed,2026-03-24 00:28:41,LSH-LINER-02,Magnetic Lash Liner,1,22.00
TT000768,Completed,2026-03-24 00:28:41,LSH-LASH-03,Magnetic Lashes — Wispy,1,26.00
TT000769,Completed,2026-05-02 10:50:08,CHK-BLUSH-01,Cream Blush — Petal,1,18.00
TT000769,Completed,2026-05-02 10:50:08,LSH-MASCARA-01,Volume Mascara — Black,1,18.00
TT000770,Completed,2026-04-09 19:07:10,LSH-MASCARA-01,Volume Mascara — Black,2,18.00
TT000771,Completed,2026-04-10 12:02:59,SKN-SERUM-01,Glow Serum,1,42.00
TT000771,Completed,2026-04-10 12:02:59,SKN-MINI-02,Mini Glow Drops,2,14.00
TT000771,Completed,2026-04-10 12:02:59,CHK-BRONZ-02,Liquid Bronzer,1,20.00
TT000772,Completed,2026-03-24 22:14:48,FCE-CONC-03,Concealer — Light,1,21.00
TT000772,Completed,2026-03-24 22:14:48,LSH-MASCARA-01,Volume Mascara — Black,1,18.00
TT000773,Completed,2026-02-05 15:25:42,LIP-OIL-01,Lip Oil — Cherry,1,15.00
TT000773,Completed,2026-02-05 15:25:42,LIP-LINER-02,Lip Liner — Nude,1,13.00
TT000774,Completed,2026-04-02 01:57:39,FCE-SPRAY-02,Setting Spray — Dewy,1,24.00
TT000775,Cancelled,2026-04-11 23:47:54,LIP-OIL-01,Lip Oil — Cherry,2,15.00
TT000776,Cancelled,2026-04-03 18:41:12,CHK-BLUSH-01,Cream Blush — Petal,1,18.00
TT000776,Cancelled,2026-04-03 18:41:12,CHK-BRONZ-02,Liquid Bronzer,2,20.00
TT000777,Completed,2026-02-13 08:14:26,LSH-MASCARA-01,Volume Mascara — Black,1,18.00
TT000777,Completed,2026-02-13 08:14:26,LSH-LINER-02,Magnetic Lash Liner,1,22.00
TT000778,Completed,2026-04-27 06:11:11,SKN-SERUM-01,Glow Serum,1,42.00
TT000778,Completed,2026-04-27 06:11:11,SKN-MINI-02,Mini Glow Drops,1,14.00
TT000779,Completed,2026-03-23 07:30:07,LSH-MASCARA-01,Volume Mascara — Black,1,18.00
TT000779,Completed,2026-03-23 07:30:07,LSH-LINER-02,Magnetic Lash Liner,1,22.00
TT000779,Completed,2026-03-23 07:30:07,FCE-SPRAY-02,Setting Spray — Dewy,1,24.00
TT000780,Completed,2026-04-15 10:06:13,CHK-BLUSH-01,Cream Blush — Petal,1,18.00
TT000780,Completed,2026-04-15 10:06:13,CHK-BRONZ-02,Liquid Bronzer,1,20.00
TT000781,Completed,2026-04-25 16:04:59,LIP-OIL-01,Lip Oil — Cherry,1,15.00
TT000782,Completed,2026-03-29 10:50:49,CHK-BLUSH-01,Cream Blush — Petal,1,18.00
TT000782,Completed,2026-03-29 10:50:49,CHK-BRONZ-02,Liquid Bronzer,1,20.00
TT000783,Completed,2026-04-19 10:49:24,LSH-LINER-02,Magnetic Lash Liner,1,22.00
TT000783,Completed,2026-04-19 10:49:24,LSH-LASH-03,Magnetic Lashes — Wispy,1,26.00
TT000784,Completed,2026-04-17 03:29:23,LSH-MASCARA-01,Volume Mascara — Black,1,18.00
TT000784,Completed,2026-04-17 03:29:23,LSH-LINER-02,Magnetic Lash Liner,1,22.00
TT000784,Completed,2026-04-17 03:29:23,FCE-SPRAY-02,Setting Spray — Dewy,1,24.00
TT000785,Completed,2026-04-17 14:36:19,FCE-FOUND-01,Demi Matte Foundation,1,34.00
TT000785,Completed,2026-04-17 14:36:19,FCE-SPRAY-02,Setting Spray — Dewy,1,24.00
TT000786,Completed,2026-03-29 02:12:14,LSH-LASH-03,Magnetic Lashes — Wispy,2,26.00
TT000787,Completed,2026-04-14 06:05:32,LSH-LINER-02,Magnetic Lash Liner,1,22.00
TT000787,Completed,2026-04-14 06:05:32,FCE-CONC-03,Concealer — Light,2,21.00
TT000788,Completed,2026-02-15 07:27:14,LSH-MASCARA-01,Volume Mascara — Black,1,18.00
TT000788,Completed,2026-02-15 07:27:14,LSH-LINER-02,Magnetic Lash Liner,1,22.00
TT000789,Completed,2026-03-12 23:22:58,FCE-FOUND-01,Demi Matte Foundation,2,34.00
TT000789,Completed,2026-03-12 23:22:58,FCE-SPRAY-02,Setting Spray — Dewy,2,24.00
TT000790,Completed,2026-04-25 21:48:13,CHK-BLUSH-01,Cream Blush — Petal,1,18.00
TT000790,Completed,2026-04-25 21:48:13,SKN-MINI-02,Mini Glow Drops,1,14.00
TT000790,Completed,2026-04-25 21:48:13,LIP-OIL-01,Lip Oil — Cherry,2,15.00
TT000791,Completed,2026-03-25 18:00:28,FCE-FOUND-01,Demi Matte Foundation,1,34.00
TT000791,Completed,2026-03-25 18:00:28,FCE-SPRAY-02,Setting Spray — Dewy,1,24.00
TT000792,Completed,2026-03-03 12:16:13,FCE-FOUND-01,Demi Matte Foundation,1,34.00
TT000792,Completed,2026-03-03 12:16:13,FCE-SPRAY-02,Setting Spray — Dewy,1,24.00
TT000793,Cancelled,2026-02-13 19:04:09,LIP-OIL-01,Lip Oil — Cherry,1,15.00
TT000793,Cancelled,2026-02-13 19:04:09,LIP-LINER-02,Lip Liner — Nude,1,13.00
TT000794,Completed,2026-04-26 06:50:00,LSH-LINER-02,Magnetic Lash Liner,1,22.00
TT000794,Completed,2026-04-26 06:50:00,CHK-BRONZ-02,Liquid Bronzer,1,20.00
TT000795,Completed,2026-03-20 11:07:24,LIP-OIL-01,Lip Oil — Cherry,1,15.00
TT000795,Completed,2026-03-20 11:07:24,LIP-LINER-02,Lip Liner — Nude,1,13.00
TT000795,Completed,2026-03-20 11:07:24,CHK-BLUSH-01,Cream Blush — Petal,1,18.00
TT000796,Completed,2026-02-06 15:09:01,LIP-OIL-01,Lip Oil — Cherry,1,15.00
TT000796,Completed,2026-02-06 15:09:01,LIP-LINER-02,Lip Liner — Nude,1,13.00
TT000797,Completed,2026-02-27 17:03:45,LSH-LINER-02,Magnetic Lash Liner,1,22.00
TT000797,Completed,2026-02-27 17:03:45,LSH-LASH-03,Magnetic Lashes — Wispy,1,26.00
TT000798,Completed,2026-05-02 06:31:29,LSH-LASH-03,Magnetic Lashes — Wispy,1,26.00
TT000799,Completed,2026-03-23 22:58:46,CHK-BLUSH-01,Cream Blush — Petal,1,18.00
TT000799,Completed,2026-03-23 22:58:46,CHK-BRONZ-02,Liquid Bronzer,1,20.00
TT000800,Completed,2026-03-24 09:32:59,LSH-LASH-03,Magnetic Lashes — Wispy,1,26.00
TT000800,Completed,2026-03-24 09:32:59,SKN-MINI-02,Mini Glow Drops,1,14.00
